,,,Expected,Expected,,,,,,Playing Time,Playing Time,Playing Time,Playing Time,Playing Time,Playing Time,Performance,Performance,Performance,Performance,Performance,Performance,Performance,Expected,Expected,Expected,Expected,Expected,Expected,Expected,Expected,Expected,Expected,Standard,Standard,Standard,Standard,Standard,Standard,Standard,,-additional
Rk,Player,Ast,xA,xAG,Season,Age,Nation,Team,Comp,MP,Min,90s,Starts,Subs,unSub,Gls,Ast,G+A,G-PK,PK,PKatt,PKm,xG,npxG,xAG,xG+xAG,xA,npxG+xAG,G-xG,np:G-xG,A-xAG,npxG/Sh,Sh,G/Sh,G/SoT,SoT,SoT%,Dist,FK,Pos,-9999
1,Nuno Tavares,8,2.4,2.6,2024-2025,24,pt POR,Lazio,it Serie A,8,652,7.2,8,0,2,0,8,8,0,0,0,0,0.6,0.6,2.6,3.2,2.4,3.2,-0.6,-0.6,+5.4,0.05,13,0.00,0.00,2,15.4,25.3,2,DF,a65c844b
2,Bukayo Saka,7,3.2,3.5,2024-2025,22,eng ENG,Arsenal,eng Premier League,8,650,7.2,8,0,0,3,7,10,3,0,0,0,2.3,2.3,3.5,5.8,3.2,5.8,+0.7,+0.7,+3.5,0.08,27,0.11,0.25,12,44.4,16.1,0,MFFW,bc7dc64d
3,Raphinha,6,3.5,6.5,2024-2025,27,br BRA,Barcelona,es La Liga,11,907,10.1,10,1,0,6,6,12,6,0,0,0,6.4,6.4,6.5,12.9,3.5,12.9,-0.4,-0.4,-0.5,0.18,35,0.17,0.43,14,40.0,20.0,5,FWMF,3423f250
4,Lamine Yamal,6,2.6,5.0,2024-2025,17,es ESP,Barcelona,es La Liga,11,885,9.8,10,1,0,5,6,11,5,0,0,0,3.0,3.0,5.0,8.0,2.6,8.0,+2.0,+2.0,+1.0,0.09,35,0.14,0.38,13,37.1,20.2,0,FW,82ec26c1
5,João Neves,6,2.5,2.1,2024-2025,19,pt POR,Paris S-G,fr Ligue 1,9,692,7.7,8,1,0,1,6,7,1,0,0,0,0.7,0.7,2.1,2.8,2.5,2.8,+0.3,+0.3,+3.9,0.08,9,0.11,0.50,2,22.2,14.3,0,MF,c2a15a27
6,Óscar Mingueza,5,2.6,2.9,2024-2025,25,es ESP,Celta Vigo,es La Liga,10,768,8.5,10,0,0,2,5,7,2,0,0,0,0.4,0.4,2.9,3.3,2.6,3.3,+1.6,+1.6,+2.1,0.05,8,0.25,0.67,3,37.5,23.6,4,MFDF,056269d7
7,Harry Kane,5,1.6,1.5,2024-2025,31,eng ENG,Bayern Munich,de Bundesliga,8,659,7.3,8,0,0,9,5,14,7,2,2,0,5.6,4.1,1.5,7.1,1.6,5.6,+3.4,+2.9,+3.5,0.14,30,0.23,0.64,11,36.7,15.7,2,FW,21a66f6a
8,Alex Baena,5,4.1,3.4,2024-2025,23,es ESP,Villarreal,es La Liga,10,742,8.2,9,1,0,1,5,6,1,0,1,1,2.2,1.4,3.4,5.6,4.1,4.8,-1.2,-0.4,+1.6,0.08,17,0.06,0.25,4,23.5,19.9,3,MFFW,518f2234
9,Vincenzo Grifo,5,3.1,2.7,2024-2025,31,it ITA,Freiburg,de Bundesliga,8,621,6.9,8,0,0,3,5,8,3,0,1,1,2.3,1.5,2.7,5.0,3.1,4.2,+0.7,+1.5,+2.3,0.07,23,0.13,0.38,8,34.8,20.2,3,FW,54e4866f
10,Bryan Zaragoza,5,2.3,1.4,2024-2025,23,es ESP,Osasuna,es La Liga,11,733,8.1,9,2,0,1,5,6,1,0,0,0,1.5,1.5,1.4,2.9,2.3,2.9,-0.5,-0.5,+3.6,0.11,14,0.07,0.20,5,35.7,19.1,0,FWMF,a96103b2
11,Cole Palmer,5,2.1,4.2,2024-2025,22,eng ENG,Chelsea,eng Premier League,9,775,8.6,9,0,0,7,5,12,6,1,1,0,4.8,4.0,4.2,8.9,2.1,8.1,+2.2,+2.0,+0.8,0.14,28,0.21,0.55,11,39.3,19.4,4,MFFW,dc7f8a28
12,Mohamed Salah,5,1.6,2.9,2024-2025,32,eg EGY,Liverpool,eng Premier League,9,784,8.7,9,0,0,6,5,11,4,2,2,0,5.2,3.6,2.9,8.1,1.6,6.5,+0.8,+0.4,+2.1,0.15,25,0.16,0.27,15,60.0,16.1,0,FW,e342ad68
13,Omar Marmoush,4,1.6,4.1,2024-2025,25,eg EGY,Eint Frankfurt,de Bundesliga,8,671,7.5,8,0,0,9,4,13,7,2,2,0,5.1,3.5,4.1,9.1,1.6,7.6,+3.9,+3.5,-0.1,0.11,33,0.21,0.41,17,51.5,16.6,1,FWMF,0e0102eb
14,Mitchell Weiser,4,1.6,1.3,2024-2025,30,de GER,Werder Bremen,de Bundesliga,8,720,8.0,8,0,0,1,4,5,1,0,0,0,1.6,1.6,1.3,3.0,1.6,3.0,-0.6,-0.6,+2.7,0.10,16,0.06,0.14,7,43.8,14.2,0,DFMF,30c220c3
15,Romelu Lukaku,4,0.6,1.1,2024-2025,31,be BEL,Napoli,it Serie A,8,564,6.3,7,1,0,4,4,8,3,1,1,0,3.3,2.5,1.1,4.4,0.6,3.6,+0.7,+0.5,+2.9,0.23,11,0.27,0.75,4,36.4,12.8,0,FW,5eae500a
16,Mohamed Amoura,4,1.0,1.2,2024-2025,24,dz ALG,Wolfsburg,de Bundesliga,6,486,5.4,5,1,0,1,4,5,1,0,0,0,1.8,1.8,1.2,3.1,1.0,3.1,-0.8,-0.8,+2.8,0.12,15,0.07,0.17,6,40.0,17.8,0,FW,6597f8b6
17,Iñaki Williams,4,0.9,2.1,2024-2025,30,gh GHA,Athletic Club,es La Liga,11,884,9.8,10,1,0,3,4,7,3,0,0,0,2.9,2.9,2.1,4.9,0.9,4.9,+0.1,+0.1,+1.9,0.19,15,0.20,0.60,5,33.3,15.7,0,FW,6a99e0b1
18,Wilfred Ndidi,4,0.9,1.3,2024-2025,27,ng NGA,Leicester City,eng Premier League,9,775,8.6,9,0,0,0,4,4,0,0,0,0,0.3,0.3,1.3,1.6,0.9,1.6,-0.3,-0.3,+2.7,0.04,7,0.00,0.00,3,42.9,15.0,0,MF,6b47c5db
19,Vinicius Júnior,4,2.7,3.6,2024-2025,24,br BRA,Real Madrid,es La Liga,11,905,10.1,10,1,0,5,4,9,3,2,2,0,3.4,2.1,3.6,7.0,2.7,5.7,+1.6,+0.9,+0.4,0.07,29,0.10,0.60,5,17.2,18.9,0,FW,7111d552
20,Ademola Lookman,4,2.6,2.1,2024-2025,26,ng NGA,Atalanta,it Serie A,7,428,4.8,6,1,1,4,4,8,3,1,1,0,3.5,2.7,2.1,5.7,2.6,4.9,+0.5,+0.3,+1.9,0.14,20,0.15,0.38,8,40.0,15.3,0,MFFW,7c104bb7
21,Ousmane Dembélé,4,2.9,4.0,2024-2025,27,fr FRA,Paris S-G,fr Ligue 1,8,520,5.8,6,2,1,4,4,8,4,0,0,0,3.2,3.2,4.0,7.2,2.9,7.2,+0.8,+0.8,0.0,0.11,28,0.14,0.27,15,53.6,16.3,0,FW,b19db005
22,Álex Berenguer,4,1.5,1.9,2024-2025,29,es ESP,Athletic Club,es La Liga,10,617,6.9,7,3,1,1,4,5,1,0,1,1,2.2,1.4,1.9,4.2,1.5,3.4,-1.2,-0.4,+2.1,0.10,14,0.07,0.25,4,28.6,19.2,0,FWMF,dc1c2fce
23,Antoine Griezmann,4,2.4,3.0,2024-2025,33,fr FRA,Atlético Madrid,es La Liga,11,826,9.2,9,2,0,3,4,7,3,0,0,0,1.5,1.5,3.0,4.5,2.4,4.5,+1.5,+1.5,+1.0,0.12,12,0.25,0.60,5,41.7,17.2,2,FWMF,df69b544
24,Valentino Lazaro,3,1.4,1.4,2024-2025,28,at AUT,Torino,it Serie A,10,831,9.2,10,0,0,0,3,3,0,0,0,0,0.6,0.6,1.4,2.0,1.4,2.0,-0.6,-0.6,+1.6,0.07,8,0.00,0.00,1,12.5,18.9,2,DF,016ff750
25,Sergio Gómez,3,3.0,4.4,2024-2025,23,es ESP,Real Sociedad,es La Liga,11,868,9.6,10,1,0,0,3,3,0,0,0,0,0.2,0.2,4.4,4.5,3.0,4.5,-0.2,-0.2,-1.4,0.04,5,0.00,0.00,3,60.0,28.6,2,MFDF,01e5f06e
26,Gaëtan Perrin,3,1.5,2.9,2024-2025,28,fr FRA,Auxerre,fr Ligue 1,9,513,5.7,6,3,0,1,3,4,1,0,0,0,0.6,0.6,2.9,3.5,1.5,3.5,+0.4,+0.4,+0.1,0.05,12,0.08,0.33,3,25.0,22.7,1,MFFW,10dd88f9
27,Christian Pulisic,3,1.8,2.2,2024-2025,25,us USA,Milan,it Serie A,9,664,7.4,8,1,0,5,3,8,4,1,1,0,3.5,2.7,2.2,5.8,1.8,5.0,+1.5,+1.3,+0.8,0.20,14,0.29,0.50,8,57.1,16.6,1,FWMF,1bf33a9a
28,Rafael Leão,3,1.7,1.8,2024-2025,25,pt POR,Milan,it Serie A,8,541,6.0,6,2,1,1,3,4,1,0,0,0,2.1,2.1,1.8,3.8,1.7,3.8,-1.1,-1.1,+1.2,0.09,24,0.04,0.09,11,45.8,18.4,0,FW,20730eae
29,Mikkel Damsgaard,3,1.8,2.7,2024-2025,24,dk DEN,Brentford,eng Premier League,9,629,7.0,7,2,0,0,3,3,0,0,0,0,0.7,0.7,2.7,3.4,1.8,3.4,-0.7,-0.7,+0.3,0.12,6,0.00,0.00,3,50.0,14.8,1,MFFW,215f3907
30,Dilane Bakwa,3,2.5,3.0,2024-2025,21,fr FRA,Strasbourg,fr Ligue 1,9,784,8.7,9,0,0,1,3,4,1,0,0,0,1.7,1.7,3.0,4.7,2.5,4.7,-0.7,-0.7,0.0,0.09,19,0.05,0.10,10,52.6,21.4,3,FWDF,2b5a35e5
31,Charles De Ketelaere,3,1.9,3.0,2024-2025,23,be BEL,Atalanta,it Serie A,10,691,7.7,9,1,0,2,3,5,2,0,0,0,1.7,1.7,3.0,4.6,1.9,4.6,+0.3,+0.3,0.0,0.11,15,0.13,0.29,7,46.7,12.6,0,MFFW,2ef7c612
32,Bernardo Silva,3,1.7,2.5,2024-2025,29,pt POR,Manchester City,eng Premier League,9,727,8.1,8,1,0,0,3,3,0,0,0,0,1.3,1.3,2.5,3.7,1.7,3.7,-1.3,-1.3,+0.5,0.08,15,0.00,0.00,5,33.3,12.6,0,MFFW,3eb22ec9
33,David Neres,3,1.1,1.2,2024-2025,27,br BRA,Napoli,it Serie A,9,169,1.9,1,8,0,1,3,4,1,0,0,0,0.8,0.8,1.2,2.0,1.1,2.0,+0.2,+0.2,+1.8,0.13,6,0.17,0.33,3,50.0,18.7,0,FWMF,4f1e6a0b
34,Karim Adeyemi,3,0.6,1.7,2024-2025,22,de GER,Dortmund,de Bundesliga,5,305,3.4,4,1,0,2,3,5,2,0,0,0,0.7,0.7,1.7,2.4,0.6,2.4,+1.3,+1.3,+1.3,0.09,8,0.25,0.50,4,50.0,16.8,0,FWMF,501055d8
35,Darko Lazović,3,0.4,1.5,2024-2025,33,rs SRB,Hellas Verona,it Serie A,10,692,7.7,9,1,0,1,3,4,0,1,1,0,1.6,0.8,1.5,3.1,0.4,2.3,-0.6,-0.8,+1.5,0.08,10,0.00,0.00,1,10.0,17.5,0,MFFW,5128bde4
36,Youri Tielemans,3,2.2,2.2,2024-2025,27,be BEL,Aston Villa,eng Premier League,9,803,8.9,9,0,0,0,3,3,0,0,0,0,0.5,0.5,2.2,2.8,2.2,2.8,-0.5,-0.5,+0.8,0.06,9,0.00,0.00,2,22.2,22.5,0,MF,56f7a928
37,Moses Simon,3,1.5,1.5,2024-2025,29,ng NGA,Nantes,fr Ligue 1,8,666,7.4,8,0,0,2,3,5,1,1,1,0,1.9,1.1,1.5,3.4,1.5,2.7,+0.1,-0.1,+1.5,0.07,15,0.07,0.20,5,33.3,20.5,1,FW,5f3eaaf5
38,Marvin Ducksch,3,2.9,2.3,2024-2025,30,de GER,Werder Bremen,de Bundesliga,8,636,7.1,8,0,0,3,3,6,2,1,1,0,3.8,3.0,2.3,6.1,2.9,5.3,-0.8,-1.0,+0.7,0.11,28,0.07,0.18,11,39.3,18.9,4,FW,638a4d71
39,Osame Sahraoui,3,2.4,2.5,2024-2025,23,ma MAR,Lille,fr Ligue 1,9,574,6.4,6,3,0,0,3,3,0,0,0,0,0.4,0.4,2.5,2.9,2.4,2.9,-0.4,-0.4,+0.5,0.05,8,0.00,0.00,2,25.0,16.8,0,MFFW,6f9fa232
40,Dani Rodríguez,3,1.3,1.4,2024-2025,36,es ESP,Mallorca,es La Liga,11,590,6.6,7,4,0,2,3,5,2,0,0,0,0.9,0.9,1.4,2.3,1.3,2.3,+1.1,+1.1,+1.6,0.12,7,0.29,0.67,3,42.9,14.9,0,FWMF,70f8e0bd
41,Oliver McBurnie,3,0.5,1.6,2024-2025,28,sct SCO,Las Palmas,es La Liga,11,684,7.6,7,4,0,0,3,3,0,0,0,0,1.0,1.0,1.6,2.5,0.5,2.5,-1.0,-1.0,+1.4,0.10,10,0.00,0.00,4,40.0,12.6,0,FW,78b8ac63
42,Maximilian Mittelstädt,3,1.4,0.9,2024-2025,27,de GER,Stuttgart,de Bundesliga,8,576,6.4,6,2,0,0,3,3,0,0,0,0,0.3,0.3,0.9,1.2,1.4,1.2,-0.3,-0.3,+2.1,0.05,7,0.00,0.00,1,14.3,23.6,0,DF,88d4144a
43,Nicolas Jackson,3,0.3,1.1,2024-2025,23,sn SEN,Chelsea,eng Premier League,9,689,7.7,9,0,0,6,3,9,6,0,0,0,6.0,6.0,1.1,7.2,0.3,7.2,0.0,0.0,+1.9,0.27,22,0.27,0.50,12,54.5,11.5,0,FW,9c36ed83
44,Julian Brandt,3,2.1,1.9,2024-2025,28,de GER,Dortmund,de Bundesliga,8,651,7.2,8,0,0,0,3,3,0,0,0,0,1.2,1.2,1.9,3.1,2.1,3.1,-1.2,-1.2,+1.1,0.10,13,0.00,0.00,4,30.8,19.5,0,MF,a167537f
45,Ashley Young,3,1.0,0.7,2024-2025,39,eng ENG,Everton,eng Premier League,7,605,6.7,7,0,1,0,3,3,0,0,0,0,0.1,0.1,0.7,0.7,1.0,0.7,-0.1,-0.1,+2.3,0.06,1,0.00,0.00,1,100.0,24.8,1,DF,be927d03
46,Junya Ito,3,3.7,3.0,2024-2025,31,jp JPN,Reims,fr Ligue 1,9,783,8.7,9,0,0,2,3,5,2,0,0,0,0.8,0.8,3.0,3.8,3.7,3.8,+1.2,+1.2,0.0,0.20,4,0.50,1.00,2,50.0,9.3,0,FW,dbd3a428
47,Jadon Sancho,3,0.9,1.1,2024-2025,24,eng ENG,Chelsea,eng Premier League,5,305,3.4,4,1,1,0,3,3,0,0,0,0,0.1,0.1,1.1,1.2,0.9,1.2,-0.1,-0.1,+1.9,0.08,1,0.00,,0,0.0,15.3,0,FW,dbf053da
48,Achraf Hakimi,3,2.6,3.5,2024-2025,25,ma MAR,Paris S-G,fr Ligue 1,7,623,6.9,7,0,1,1,3,4,1,0,0,0,1.0,1.0,3.5,4.5,2.6,4.5,0.0,0.0,-0.5,0.10,10,0.10,0.50,2,20.0,19.5,3,DF,e42d61c7
49,Granit Xhaka,3,1.6,1.3,2024-2025,31,ch SUI,Leverkusen,de Bundesliga,8,720,8.0,8,0,0,1,3,4,1,0,0,0,0.3,0.3,1.3,1.7,1.6,1.7,+0.7,+0.7,+1.7,0.04,8,0.13,0.50,2,25.0,26.5,0,MF,e61b8aee
50,Mateo Retegui,3,0.5,1.2,2024-2025,25,it ITA,Atalanta,it Serie A,10,690,7.7,9,1,0,10,3,13,8,2,2,0,6.7,5.2,1.2,8.0,0.5,6.4,+3.3,+2.8,+1.8,0.14,36,0.22,0.62,13,36.1,13.2,1,FW,e7695e6c
51,Amine Harit,3,0.9,1.3,2024-2025,27,ma MAR,Marseille,fr Ligue 1,9,472,5.2,8,1,0,2,3,5,2,0,0,0,0.7,0.7,1.3,2.0,0.9,2.0,+1.3,+1.3,+1.7,0.14,5,0.40,0.67,3,60.0,18.5,0,MF,e7d59f4f
52,James Maddison,3,3.6,1.9,2024-2025,27,eng ENG,Tottenham,eng Premier League,9,669,7.4,9,0,0,2,3,5,2,0,0,0,2.3,2.3,1.9,4.1,3.6,4.1,-0.3,-0.3,+1.1,0.13,17,0.12,0.20,10,58.8,15.4,1,MF,ee38d9c5
53,Luis Henrique,3,0.8,0.8,2024-2025,22,br BRA,Marseille,fr Ligue 1,9,650,7.2,8,1,0,4,3,7,4,0,0,0,1.0,1.0,0.8,1.8,0.8,1.8,+3.0,+3.0,+2.2,0.13,8,0.50,0.80,5,62.5,15.7,0,FW,f36d5624
54,Dwight McNeil,3,3.4,2.6,2024-2025,24,eng ENG,Everton,eng Premier League,9,797,8.9,9,0,0,3,3,6,3,0,0,0,0.7,0.7,2.6,3.3,3.4,3.3,+2.3,+2.3,+0.4,0.04,16,0.19,0.43,7,43.8,20.6,0,MFFW,fc15fb84
55,Nicolás Paz,2,1.3,2.3,2024-2025,19,ar ARG,Como,it Serie A,9,680,7.6,7,2,0,1,2,3,1,0,0,0,2.1,2.1,2.3,4.4,1.3,4.4,-1.1,-1.1,-0.3,0.08,27,0.04,0.11,9,33.3,20.9,1,MFFW,01bb93d5
56,Weston McKennie,2,1.0,0.6,2024-2025,25,us USA,Juventus,it Serie A,6,345,3.8,4,2,3,1,2,3,1,0,0,0,0.3,0.3,0.6,1.0,1.0,1.0,+0.7,+0.7,+1.4,0.08,4,0.25,0.50,2,50.0,13.4,0,MF,01c3aff5
57,Jofre,2,0.9,1.3,2024-2025,23,es ESP,Espanyol,es La Liga,11,678,7.5,9,2,0,2,2,4,2,0,0,0,0.9,0.9,1.3,2.3,0.9,2.3,+1.1,+1.1,+0.7,0.07,13,0.15,0.67,3,23.1,22.0,0,MFFW,030ef8d6
58,Federico Valverde,2,1.1,1.3,2024-2025,26,uy URU,Real Madrid,es La Liga,11,940,10.4,11,0,0,2,2,4,2,0,0,0,0.4,0.4,1.3,1.7,1.1,1.7,+1.6,+1.6,+0.7,0.03,14,0.14,0.25,8,57.1,28.1,2,MF,0959c2a2
59,Giorgos Kyriakopoulos,2,0.9,1.2,2024-2025,28,gr GRE,Monza,it Serie A,10,900,10.0,10,0,0,1,2,3,1,0,0,0,0.2,0.2,1.2,1.5,0.9,1.5,+0.8,+0.8,+0.8,0.03,7,0.14,0.33,3,42.9,22.8,1,DF,0a483542
60,Benjamin Henrichs,2,1.8,1.3,2024-2025,27,de GER,RB Leipzig,de Bundesliga,8,350,3.9,3,5,0,0,2,2,0,0,0,0,0.3,0.3,1.3,1.7,1.8,1.7,-0.3,-0.3,+0.7,0.05,6,0.00,,0,0.0,18.5,0,DF,0a89e877
61,Breel Embolo,2,0.8,1.8,2024-2025,27,ch SUI,Monaco,fr Ligue 1,7,450,5.0,5,2,2,1,2,3,1,0,0,0,2.8,2.8,1.8,4.6,0.8,4.6,-1.8,-1.8,+0.2,0.20,14,0.07,0.25,4,28.6,10.0,0,FW,0b4f388a
62,Romain Del Castillo,2,1.3,0.8,2024-2025,28,fr FRA,Brest,fr Ligue 1,7,506,5.6,6,1,0,3,2,5,0,3,4,1,3.5,0.4,0.8,4.4,1.3,1.2,-0.5,-0.4,+1.2,0.06,6,0.00,0.00,2,33.3,26.6,0,FW,0be95d34
63,Jamie Gittens,2,1.8,1.1,2024-2025,19,eng ENG,Dortmund,de Bundesliga,8,423,4.7,4,4,0,2,2,4,2,0,0,0,0.8,0.8,1.1,1.9,1.8,1.9,+1.2,+1.2,+0.9,0.09,9,0.22,0.40,5,55.6,17.5,0,FW,10745192
64,Diego Moreira,2,1.7,1.7,2024-2025,19,pt POR,Strasbourg,fr Ligue 1,9,645,7.2,7,2,0,1,2,3,1,0,0,0,0.6,0.6,1.7,2.3,1.7,2.3,+0.4,+0.4,+0.3,0.08,8,0.13,0.20,5,62.5,14.1,0,DFFW,12de1b0d
65,Jacob Ramsey,2,1.2,1.3,2024-2025,23,eng ENG,Aston Villa,eng Premier League,8,509,5.7,5,3,0,0,2,2,0,0,0,0,0.5,0.5,1.3,1.8,1.2,1.8,-0.5,-0.5,+0.7,0.08,7,0.00,0.00,3,42.9,16.5,0,FWMF,1544f145
66,Moisés Caicedo,2,1.1,1.5,2024-2025,22,ec ECU,Chelsea,eng Premier League,9,795,8.8,9,0,0,0,2,2,0,0,0,0,0.2,0.2,1.5,1.7,1.1,1.7,-0.2,-0.2,+0.5,0.05,5,0.00,,0,0.0,24.0,0,MF,16264a81
67,Emile Smith Rowe,2,0.8,0.5,2024-2025,24,eng ENG,Fulham,eng Premier League,9,627,7.0,8,1,0,2,2,4,2,0,0,0,1.8,1.8,0.5,2.3,0.8,2.3,+0.2,+0.2,+1.5,0.13,14,0.14,1.00,2,14.3,15.4,0,MF,17695062
68,Diogo Jota,2,0.3,0.8,2024-2025,27,pt POR,Liverpool,eng Premier League,7,492,5.5,7,0,1,2,2,4,2,0,0,0,2.7,2.7,0.8,3.5,0.3,3.5,-0.7,-0.7,+1.2,0.19,14,0.14,0.67,3,21.4,11.7,0,FW,178ae8f8
69,Williot Swedberg,2,0.8,0.8,2024-2025,20,se SWE,Celta Vigo,es La Liga,11,476,5.3,5,6,0,2,2,4,2,0,0,0,2.9,2.9,0.8,3.8,0.8,3.8,-0.9,-0.9,+1.2,0.22,13,0.15,0.29,7,53.8,15.0,0,FWMF,184fe4b2
70,Hassane Kamara,2,1.2,1.1,2024-2025,30,ci CIV,Udinese,it Serie A,8,501,5.6,6,2,0,0,2,2,0,0,0,0,0.1,0.1,1.1,1.1,1.2,1.1,-0.1,-0.1,+0.9,0.04,2,0.00,0.00,1,50.0,26.0,0,DF,19a12bed
71,Ansgar Knauff,2,0.4,1.0,2024-2025,22,de GER,Eint Frankfurt,de Bundesliga,7,289,3.2,3,4,0,0,2,2,0,0,0,0,0.1,0.1,1.0,1.1,0.4,1.1,-0.1,-0.1,+1.0,0.03,4,0.00,,0,0.0,20.1,0,MFDF,19a967ab
72,Lucas Digne,2,1.5,1.4,2024-2025,31,fr FRA,Aston Villa,eng Premier League,9,678,7.5,9,0,0,0,2,2,0,0,0,0,0.3,0.3,1.4,1.7,1.5,1.7,-0.3,-0.3,+0.6,0.07,4,0.00,0.00,1,25.0,23.6,2,DF,1b84dbe1
73,Dennis Man,2,1.2,2.6,2024-2025,25,ro ROU,Parma,it Serie A,10,727,8.1,9,1,0,3,2,5,3,0,0,0,1.9,1.9,2.6,4.4,1.2,4.4,+1.1,+1.1,-0.6,0.09,20,0.15,0.38,8,40.0,16.3,0,FWMF,2079b3cc
74,Boulaye Dia,2,0.7,2.1,2024-2025,27,sn SEN,Lazio,it Serie A,9,552,6.1,7,2,1,3,2,5,3,0,0,0,2.0,2.0,2.1,4.1,0.7,4.1,+1.0,+1.0,-0.1,0.18,11,0.27,0.50,6,54.5,13.1,0,MFFW,244bc2c8
75,Yacine Adli,2,0.4,0.7,2024-2025,24,fr FRA,Fiorentina,it Serie A,8,300,3.3,3,5,0,1,2,3,1,0,0,0,0.0,0.0,0.7,0.7,0.4,0.7,+1.0,+1.0,+1.3,0.02,1,1.00,1.00,1,100.0,20.8,0,MF,26777636
76,Brenner,2,0.1,0.5,2024-2025,24,br BRA,Udinese,it Serie A,8,383,4.3,5,3,2,1,2,3,1,0,0,0,0.6,0.6,0.5,1.1,0.1,1.1,+0.4,+0.4,+1.5,0.09,7,0.14,0.25,4,57.1,19.8,0,MFFW,279508bf
77,José Luis García Vayá,2,1.2,1.3,2024-2025,25,es ESP,Valencia,es La Liga,10,855,9.5,10,0,0,1,2,3,0,1,1,0,1.0,0.2,1.3,2.2,1.2,1.4,0.0,-0.2,+0.7,0.03,6,0.00,0.00,3,50.0,28.7,0,MF,27dc1378
78,Antonee Robinson,2,0.7,0.6,2024-2025,26,us USA,Fulham,eng Premier League,9,810,9.0,9,0,0,0,2,2,0,0,0,0,0.2,0.2,0.6,0.8,0.7,0.8,-0.2,-0.2,+1.4,0.03,5,0.00,,0,0.0,22.6,0,DF,289601e6
79,Lewis Cook,2,1.3,1.8,2024-2025,27,eng ENG,Bournemouth,eng Premier League,9,803,8.9,9,0,0,1,2,3,1,0,0,0,0.3,0.3,1.8,2.2,1.3,2.2,+0.7,+0.7,+0.2,0.07,5,0.20,0.50,2,40.0,23.9,0,MF,2afc7272
80,Robin Gosens,2,0.5,1.3,2024-2025,30,de GER,2 Teams,2 Comps,9,782,8.7,9,0,0,2,2,4,2,0,0,0,1.0,1.0,1.3,2.1,0.5,2.3,+1.0,+1.0,+0.7,0.12,8,0.25,0.50,4,50.0,14.4,0,DF,2d970560
81,Morgan Rogers,2,1.4,2.2,2024-2025,22,eng ENG,Aston Villa,eng Premier League,9,741,8.2,9,0,0,2,2,4,2,0,0,0,1.7,1.7,2.2,3.9,1.4,3.9,+0.3,+0.3,-0.2,0.10,17,0.12,0.33,6,35.3,17.4,0,MFFW,2e5915f1
82,Marc Casado,2,0.9,0.7,2024-2025,20,es ESP,Barcelona,es La Liga,9,627,7.0,7,2,2,0,2,2,0,0,0,0,0.8,0.8,0.7,1.5,0.9,1.5,-0.8,-0.8,+1.3,0.10,8,0.00,,0,0.0,22.9,0,MF,2ef08833
83,Harry Winks,2,1.1,1.0,2024-2025,28,eng ENG,Leicester City,eng Premier League,8,675,7.5,7,1,1,0,2,2,0,0,0,0,0.0,0.0,1.0,1.0,1.1,1.0,0.0,0.0,+1.0,0.02,2,0.00,,0,0.0,31.3,0,MF,2f7acede
84,Phillipp Mwene,2,1.1,0.5,2024-2025,30,at AUT,Mainz 05,de Bundesliga,8,708,7.9,8,0,0,0,2,2,0,0,0,0,0.2,0.2,0.5,0.7,1.1,0.7,-0.2,-0.2,+1.5,0.03,6,0.00,,0,0.0,21.4,0,DF,2ff76adc
85,Benjamin Šeško,2,0.3,0.3,2024-2025,21,si SVN,RB Leipzig,de Bundesliga,8,573,6.4,8,0,0,2,2,4,2,0,0,0,2.3,2.3,0.3,2.6,0.3,2.6,-0.3,-0.3,+1.7,0.15,15,0.13,0.29,7,46.7,16.8,0,FWMF,3260690c
86,Leon Bailey,2,1.3,1.0,2024-2025,26,jm JAM,Aston Villa,eng Premier League,8,428,4.8,6,2,0,0,2,2,0,0,0,0,0.4,0.4,1.0,1.4,1.3,1.4,-0.4,-0.4,+1.0,0.05,7,0.00,0.00,1,14.3,19.5,1,FWMF,3a233281
87,Eliesse Ben Seghir,2,0.9,2.2,2024-2025,19,ma MAR,Monaco,fr Ligue 1,9,557,6.2,7,2,0,2,2,4,2,0,0,0,1.2,1.2,2.2,3.4,0.9,3.4,+0.8,+0.8,-0.2,0.05,22,0.09,0.25,8,36.4,21.7,1,MFFW,3bd65247
88,Samuel Mbangula,2,0.2,0.3,2024-2025,20,be BEL,Juventus,it Serie A,6,318,3.5,4,2,4,1,2,3,1,0,0,0,0.2,0.2,0.3,0.5,0.2,0.5,+0.8,+0.8,+1.7,0.09,2,0.50,1.00,1,50.0,20.6,0,FW,3e25e70c
89,Marco Asensio,2,0.7,1.7,2024-2025,28,es ESP,Paris S-G,fr Ligue 1,7,348,3.9,5,2,0,2,2,4,2,0,0,0,4.3,4.3,1.7,6.0,0.7,6.0,-2.3,-2.3,+0.3,0.29,15,0.13,0.22,9,60.0,14.6,2,FWMF,45af8a54
90,Facundo Buonanotte,2,0.9,1.3,2024-2025,19,ar ARG,Leicester City,eng Premier League,8,551,6.1,6,2,1,3,2,5,3,0,0,0,2.1,2.1,1.3,3.5,0.9,3.5,+0.9,+0.9,+0.7,0.13,17,0.18,0.60,5,29.4,18.8,0,MFFW,468a7a91
91,Gabriel Martinelli,2,1.8,1.7,2024-2025,23,br BRA,Arsenal,eng Premier League,9,552,6.1,6,3,0,2,2,4,2,0,0,0,1.5,1.5,1.7,3.3,1.8,3.3,+0.5,+0.5,+0.3,0.15,10,0.20,0.40,5,50.0,13.4,0,MFFW,48a5a5d6
92,Joshua Kimmich,2,2.3,1.8,2024-2025,29,de GER,Bayern Munich,de Bundesliga,8,720,8.0,8,0,0,0,2,2,0,0,0,0,0.4,0.4,1.8,2.2,2.3,2.2,-0.4,-0.4,+0.2,0.05,7,0.00,0.00,3,42.9,24.0,1,MFDF,49296448
93,Luis Díaz,2,1.2,1.3,2024-2025,27,co COL,Liverpool,eng Premier League,9,533,5.9,7,2,0,5,2,7,5,0,0,0,2.8,2.8,1.3,4.1,1.2,4.1,+2.2,+2.2,+0.7,0.16,17,0.29,0.56,9,52.9,13.5,0,FW,4a1a9578
94,Antonio Nusa,2,0.8,1.2,2024-2025,19,no NOR,RB Leipzig,de Bundesliga,8,431,4.8,4,4,0,1,2,3,1,0,0,0,0.4,0.4,1.2,1.6,0.8,1.6,+0.6,+0.6,+0.8,0.04,9,0.11,1.00,1,11.1,20.1,0,MFDF,4ab12002
95,Justin Kluivert,2,0.6,0.9,2024-2025,25,nl NED,Bournemouth,eng Premier League,9,474,5.3,6,3,0,1,2,3,0,1,1,0,1.6,0.8,0.9,2.5,0.6,1.7,-0.6,-0.8,+1.1,0.06,12,0.00,0.00,5,41.7,18.5,0,MFFW,4c3a6744
96,Djibril Sidibé,2,1.2,1.9,2024-2025,32,fr FRA,Toulouse,fr Ligue 1,9,552,6.1,6,3,0,0,2,2,0,0,0,0,0.2,0.2,1.9,2.1,1.2,2.1,-0.2,-0.2,+0.1,0.09,2,0.00,,0,0.0,7.7,0,DF,4c5b714f
97,Eren Dinkçi,2,0.4,0.6,2024-2025,22,de GER,Freiburg,de Bundesliga,7,403,4.5,5,2,0,0,2,2,0,0,0,0,0.5,0.5,0.6,1.1,0.4,1.1,-0.5,-0.5,+1.4,0.08,6,0.00,,0,0.0,19.6,0,MF,4ccd8957
98,Bruno Fernandes,2,1.7,2.3,2024-2025,29,pt POR,Manchester Utd,eng Premier League,9,749,8.3,9,0,0,0,2,2,0,0,0,0,2.5,2.5,2.3,4.8,1.7,4.8,-2.5,-2.5,-0.3,0.09,28,0.00,0.00,5,17.9,20.1,2,MFFW,507c7bdf
99,Jonathan Clauss,2,1.5,1.8,2024-2025,31,fr FRA,Nice,fr Ligue 1,8,628,7.0,7,1,0,1,2,3,1,0,0,0,0.6,0.6,1.8,2.4,1.5,2.4,+0.4,+0.4,+0.2,0.09,7,0.14,0.50,2,28.6,21.0,2,DFMF,5219ab4a
100,Thierno Barry,2,0.3,1.0,2024-2025,21,fr FRA,Villarreal,es La Liga,10,695,7.7,7,3,0,3,2,5,3,0,0,0,3.9,3.9,1.0,4.9,0.3,4.9,-0.9,-0.9,+1.0,0.16,25,0.12,0.43,7,28.0,12.9,0,FW,52c3244b
101,Alieu Fadera,2,0.5,0.8,2024-2025,22,gm GAM,Como,it Serie A,8,519,5.8,7,1,1,1,2,3,1,0,0,0,0.7,0.7,0.8,1.6,0.5,1.6,+0.3,+0.3,+1.2,0.09,8,0.13,0.50,2,25.0,17.4,0,FW,53210e42
102,Nadiem Amiri,2,2.9,2.2,2024-2025,27,de GER,Mainz 05,de Bundesliga,7,562,6.2,7,0,0,2,2,4,1,1,1,0,1.4,0.6,2.2,3.6,2.9,2.8,+0.6,+0.4,-0.2,0.04,15,0.07,0.14,7,46.7,29.4,3,MF,555d5edd
103,Clinton Mata,2,1.1,0.4,2024-2025,31,ao ANG,Lyon,fr Ligue 1,7,625,6.9,7,0,0,0,2,2,0,0,0,0,0.1,0.1,0.4,0.5,1.1,0.5,-0.1,-0.1,+1.6,0.03,3,0.00,,0,0.0,20.3,0,DF,55abe554
104,Saïd Benrahma,2,2.1,1.3,2024-2025,28,dz ALG,Lyon,fr Ligue 1,6,429,4.8,5,1,2,1,2,3,1,0,0,0,1.0,1.0,1.3,2.4,2.1,2.4,0.0,0.0,+0.7,0.13,8,0.13,0.33,3,37.5,22.2,0,FWMF,5a04fd92
105,Santi Comesaña,2,1.1,0.9,2024-2025,27,es ESP,Villarreal,es La Liga,11,832,9.2,10,1,0,1,2,3,1,0,0,0,0.5,0.5,0.9,1.4,1.1,1.4,+0.5,+0.5,+1.1,0.07,7,0.14,1.00,1,14.3,13.0,0,MF,5ae499d0
106,Hugo Ekitike,2,1.3,2.0,2024-2025,22,fr FRA,Eint Frankfurt,de Bundesliga,7,509,5.7,7,0,0,2,2,4,2,0,0,0,3.9,3.9,2.0,5.9,1.3,5.9,-1.9,-1.9,0.0,0.21,18,0.11,0.33,6,33.3,15.5,0,FW,5b92d896
107,Marcus Tavernier,2,1.0,1.3,2024-2025,25,eng ENG,Bournemouth,eng Premier League,9,690,7.7,8,1,0,1,2,3,1,0,0,0,2.5,2.5,1.3,3.8,1.0,3.8,-1.5,-1.5,+0.7,0.12,22,0.05,0.13,8,36.4,20.6,2,MFFW,5c0da4a4
108,Francisco Conceição,2,2.9,2.8,2024-2025,21,pt POR,Juventus,it Serie A,5,342,3.8,3,2,0,1,2,3,1,0,0,0,0.5,0.5,2.8,3.3,2.9,3.3,+0.5,+0.5,-0.8,0.04,11,0.09,0.25,4,36.4,19.0,0,FW,5ef3d210
109,Luka Modrić,2,2.6,2.7,2024-2025,38,hr CRO,Real Madrid,es La Liga,11,552,6.1,5,6,0,0,2,2,0,0,0,0,0.3,0.3,2.7,3.0,2.6,3.0,-0.3,-0.3,-0.7,0.04,8,0.00,0.00,2,25.0,26.1,1,MF,6025fab1
110,Ludovic Blas,2,1.5,1.4,2024-2025,26,fr FRA,Rennes,fr Ligue 1,9,774,8.6,9,0,0,3,2,5,3,0,0,0,2.5,2.5,1.4,3.9,1.5,3.9,+0.5,+0.5,+0.6,0.10,26,0.12,0.27,11,42.3,16.2,0,MFFW,6191093d
111,Nicolò Barella,2,1.6,0.9,2024-2025,27,it ITA,Inter,it Serie A,7,582,6.5,7,0,1,1,2,3,1,0,0,0,0.5,0.5,0.9,1.5,1.6,1.5,+0.5,+0.5,+1.1,0.05,11,0.09,0.50,2,18.2,23.0,0,MF,6928979a
112,Gorka Guruzeta,2,0.1,0.2,2024-2025,27,es ESP,Athletic Club,es La Liga,11,650,7.2,8,3,0,2,2,4,2,0,0,0,1.1,1.1,0.2,1.4,0.1,1.4,+0.9,+0.9,+1.8,0.08,15,0.13,0.33,6,40.0,15.0,0,FW,6b5ea2f4
113,Téji Savanier,2,1.7,2.5,2024-2025,32,fr FRA,Montpellier,fr Ligue 1,9,759,8.4,9,0,0,1,2,3,0,1,1,0,1.3,0.5,2.5,3.8,1.7,3.0,-0.3,-0.5,-0.5,0.03,16,0.00,0.00,4,25.0,28.6,5,MF,6bde367b
114,Yann Gboho,2,2.0,1.8,2024-2025,23,fr FRA,Toulouse,fr Ligue 1,9,781,8.7,9,0,0,2,2,4,2,0,0,0,1.7,1.7,1.8,3.5,2.0,3.5,+0.3,+0.3,+0.2,0.10,18,0.11,0.29,7,38.9,17.1,0,FWMF,6be41a31
115,Sinaly Diomande,2,0.1,0.5,2024-2025,23,ci CIV,Auxerre,fr Ligue 1,7,565,6.3,6,1,0,2,2,4,2,0,0,0,1.0,1.0,0.5,1.5,0.1,1.5,+1.0,+1.0,+1.5,0.17,6,0.33,1.00,2,33.3,12.9,0,DF,6de23ab0
116,Marcus Thuram,2,1.0,1.4,2024-2025,26,fr FRA,Inter,it Serie A,10,797,8.9,10,0,0,7,2,9,7,0,0,0,3.3,3.3,1.4,4.7,1.0,4.7,+3.7,+3.7,+0.6,0.12,28,0.25,0.47,15,53.6,12.5,0,FW,6f8cd6d0
117,Reda Belahyane,2,0.5,0.7,2024-2025,20,ma MAR,Hellas Verona,it Serie A,10,871,9.7,9,1,0,0,2,2,0,0,0,0,0.1,0.1,0.7,0.8,0.5,0.8,-0.1,-0.1,+1.3,0.05,3,0.00,,0,0.0,26.6,0,MF,705a1642
118,Kaoru Mitoma,2,1.5,2.2,2024-2025,27,jp JPN,Brighton,eng Premier League,9,740,8.2,8,1,0,1,2,3,1,0,0,0,2.3,2.3,2.2,4.4,1.5,4.4,-1.3,-1.3,-0.2,0.13,19,0.05,0.13,8,42.1,14.2,0,FWMF,74618572
119,Jeremie Frimpong,2,1.1,1.3,2024-2025,23,nl NED,Leverkusen,de Bundesliga,8,580,6.4,6,2,0,1,2,3,1,0,0,0,0.5,0.5,1.3,1.9,1.1,1.9,+0.5,+0.5,+0.7,0.13,4,0.25,0.50,2,50.0,13.6,0,DF,74f2e748
120,Elias Saad,2,0.3,0.5,2024-2025,24,tn TUN,St. Pauli,de Bundesliga,6,343,3.8,3,3,0,2,2,4,2,0,0,0,0.9,0.9,0.5,1.4,0.3,1.4,+1.1,+1.1,+1.5,0.09,10,0.20,0.50,4,40.0,17.5,0,FWMF,78a2284f
121,Jarrod Bowen,2,2.3,2.9,2024-2025,27,eng ENG,West Ham,eng Premier League,9,786,8.7,9,0,0,3,2,5,2,1,1,0,1.8,1.1,2.9,4.7,2.3,4.0,+1.2,+0.9,-0.9,0.06,18,0.11,0.29,7,38.9,20.0,0,FWMF,79c84d1c
122,Pedro Neto,2,0.8,1.5,2024-2025,24,pt POR,Chelsea,eng Premier League,9,378,4.2,3,6,0,0,2,2,0,0,0,0,0.3,0.3,1.5,1.9,0.8,1.9,-0.3,-0.3,+0.5,0.04,8,0.00,0.00,2,25.0,18.6,0,FW,7ba2eaa9
123,Tino Kadewere,2,0.5,0.9,2024-2025,28,zw ZIM,Nantes,fr Ligue 1,7,396,4.4,5,2,0,0,2,2,0,0,0,0,0.7,0.7,0.9,1.6,0.5,1.6,-0.7,-0.7,+1.1,0.17,4,0.00,0.00,3,75.0,15.6,0,MFFW,7d08063d
124,Iago Aspas,2,1.0,0.9,2024-2025,36,es ESP,Celta Vigo,es La Liga,10,721,8.0,8,2,0,4,2,6,3,1,2,1,3.4,1.8,0.9,4.2,1.0,2.7,+0.6,+1.2,+1.1,0.09,20,0.15,0.33,9,45.0,21.4,1,FWMF,7dcf86f6
125,Vitaly Janelt,2,0.7,1.0,2024-2025,26,de GER,Brentford,eng Premier League,9,723,8.0,9,0,0,0,2,2,0,0,0,0,0.2,0.2,1.0,1.1,0.7,1.1,-0.2,-0.2,+1.0,0.04,4,0.00,0.00,1,25.0,19.9,0,MF,8449d35e
126,Leif Davis,2,1.8,1.7,2024-2025,24,eng ENG,Ipswich Town,eng Premier League,9,810,9.0,9,0,0,0,2,2,0,0,0,0,0.5,0.5,1.7,2.1,1.8,2.1,-0.5,-0.5,+0.3,0.07,7,0.00,0.00,1,14.3,21.2,1,DF,8574c61f
127,Álvaro Tejero,2,1.8,1.7,2024-2025,28,es ESP,Espanyol,es La Liga,10,515,5.7,6,4,1,1,2,3,1,0,0,0,0.3,0.3,1.7,2.1,1.8,2.1,+0.7,+0.7,+0.3,0.05,7,0.14,0.50,2,28.6,23.5,3,MFDF,868ce848
128,Philipp Hofmann,2,0.8,1.6,2024-2025,31,de GER,Bochum,de Bundesliga,8,514,5.7,6,2,0,0,2,2,0,0,0,0,1.1,1.1,1.6,2.6,0.8,2.6,-1.1,-1.1,+0.4,0.08,13,0.00,0.00,2,15.4,16.0,0,FW,877bc844
129,Zuriko Davitashvili,2,1.0,1.2,2024-2025,23,ge GEO,Saint-Étienne,fr Ligue 1,9,779,8.7,9,0,0,5,2,7,4,1,1,0,2.7,2.0,1.2,4.0,1.0,3.2,+2.3,+2.0,+0.8,0.10,19,0.21,0.67,6,31.6,21.0,1,MFFW,88b4d2e3
130,Serge Gnabry,2,2.0,2.3,2024-2025,29,de GER,Bayern Munich,de Bundesliga,7,457,5.1,6,1,1,2,2,4,2,0,0,0,2.2,2.2,2.3,4.5,2.0,4.5,-0.2,-0.2,-0.3,0.13,17,0.12,0.25,8,47.1,14.0,0,FWMF,88e357ef
131,Robert Lewandowski,2,0.4,1.6,2024-2025,35,pl POL,Barcelona,es La Liga,11,890,9.9,11,0,0,14,2,16,12,2,3,1,13.0,10.7,1.6,14.6,0.4,12.2,+1.0,+1.3,+0.4,0.26,41,0.29,0.55,22,53.7,14.0,2,FW,8d78e732
132,Dan Ndoye,2,0.6,0.9,2024-2025,23,ch SUI,Bologna,it Serie A,7,496,5.5,6,1,0,0,2,2,0,0,0,0,1.6,1.6,0.9,2.5,0.6,2.5,-1.6,-1.6,+1.1,0.12,13,0.00,0.00,5,38.5,16.3,0,FWMF,8e697a8f
133,Micky van de Ven,2,0.7,1.2,2024-2025,23,nl NED,Tottenham,eng Premier League,8,710,7.9,8,0,0,0,2,2,0,0,0,0,0.2,0.2,1.2,1.4,0.7,1.4,-0.2,-0.2,+0.8,0.06,4,0.00,0.00,1,25.0,11.4,0,DF,8fe2a392
134,Christopher Operi,2,1.6,1.3,2024-2025,27,ci CIV,Le Havre,fr Ligue 1,8,719,8.0,8,0,0,0,2,2,0,0,0,0,0.1,0.1,1.3,1.5,1.6,1.5,-0.1,-0.1,+0.7,0.03,5,0.00,0.00,1,20.0,23.4,1,DFFW,914bb955
135,Son Heung-min,2,1.2,1.8,2024-2025,32,kr KOR,Tottenham,eng Premier League,6,519,5.8,6,0,0,3,2,5,3,0,0,0,1.8,1.8,1.8,3.6,1.2,3.6,+1.2,+1.2,+0.2,0.15,12,0.25,0.50,6,50.0,17.3,0,FW,92e7e919
136,Matteo Darmian,2,0.6,0.7,2024-2025,34,it ITA,Inter,it Serie A,10,640,7.1,8,2,0,1,2,3,1,0,0,0,0.7,0.7,0.7,1.4,0.6,1.4,+0.3,+0.3,+1.3,0.12,6,0.17,1.00,1,16.7,17.7,0,DF,96e0490d
137,Sebastiano Luperto,2,0.5,1.1,2024-2025,27,it ITA,Cagliari,it Serie A,10,900,10.0,10,0,0,0,2,2,0,0,0,0,0.7,0.7,1.1,1.8,0.5,1.8,-0.7,-0.7,+0.9,0.08,9,0.00,0.00,1,11.1,12.4,0,DF,997fff07
138,Adam Lallana,2,0.2,0.8,2024-2025,36,eng ENG,Southampton,eng Premier League,5,175,1.9,2,3,2,0,2,2,0,0,0,0,0.2,0.2,0.8,1.0,0.2,1.0,-0.2,-0.2,+1.2,0.06,3,0.00,,0,0.0,18.1,0,MF,99813635
139,Adama Traoré,2,1.8,2.1,2024-2025,28,es ESP,Fulham,eng Premier League,9,690,7.7,9,0,0,1,2,3,1,0,0,0,2.6,2.6,2.1,4.7,1.8,4.7,-1.6,-1.6,-0.1,0.15,17,0.06,0.14,7,41.2,15.1,0,FWMF,9a28eba4
140,Rayan Aït-Nouri,2,0.5,1.0,2024-2025,23,dz ALG,Wolves,eng Premier League,9,743,8.3,9,0,0,3,2,5,3,0,0,0,1.0,1.0,1.0,2.1,0.5,2.1,+2.0,+2.0,+1.0,0.11,10,0.30,0.75,4,40.0,14.0,0,DF,9b398aea
141,Ferrán Torres,2,0.3,0.2,2024-2025,24,es ESP,Barcelona,es La Liga,8,328,3.6,5,3,0,1,2,3,1,0,0,0,0.8,0.8,0.2,1.0,0.3,1.0,+0.2,+0.2,+1.8,0.11,7,0.14,0.25,4,57.1,16.6,0,FW,9e1035f8
142,Óscar de Marcos,2,0.4,0.5,2024-2025,35,es ESP,Athletic Club,es La Liga,7,515,5.7,6,1,3,0,2,2,0,0,0,0,0.0,0.0,0.5,0.6,0.4,0.6,0.0,0.0,+1.5,0.05,1,0.00,,0,0.0,16.9,0,DF,9f323c71
143,Lucas Stassin,2,0.1,0.7,2024-2025,19,be BEL,Saint-Étienne,fr Ligue 1,6,245,2.7,3,3,0,0,2,2,0,0,0,0,0.7,0.7,0.7,1.4,0.1,1.4,-0.7,-0.7,+1.3,0.23,3,0.00,0.00,1,33.3,17.2,0,FW,a47d6f3a
144,Nikola Vlašić,2,0.1,0.1,2024-2025,26,hr CRO,Torino,it Serie A,5,220,2.4,2,3,0,1,2,3,0,1,1,0,1.0,0.2,0.1,1.1,0.1,0.4,0.0,-0.2,+1.9,0.05,4,0.00,,0,0.0,24.0,0,MFFW,aa8e289e
145,Edoardo Bove,2,0.8,1.4,2024-2025,22,it ITA,2 Teams,it Serie A,8,570,6.3,7,1,2,1,2,3,1,0,0,0,0.6,0.6,1.4,2.0,0.8,2.0,+0.4,+0.4,+0.6,0.08,7,0.14,0.50,2,28.6,14.6,0,MFFW,ae94a6c5
146,Ollie Watkins,2,0.6,1.0,2024-2025,28,eng ENG,Aston Villa,eng Premier League,9,685,7.6,9,0,0,5,2,7,5,0,0,0,4.3,4.3,1.0,5.3,0.6,5.3,+0.7,+0.7,+1.0,0.21,21,0.24,0.45,11,52.4,9.8,0,FW,aed3a70f
147,Rico Lewis,2,0.4,0.2,2024-2025,19,eng ENG,Manchester City,eng Premier League,8,664,7.4,8,0,1,0,2,2,0,0,0,0,0.7,0.7,0.2,0.9,0.4,0.9,-0.7,-0.7,+1.8,0.18,4,0.00,,0,0.0,14.9,0,MFDF,b57e066e
148,Maghnes Akliouche,2,1.4,1.1,2024-2025,22,fr FRA,Monaco,fr Ligue 1,8,482,5.4,5,3,0,0,2,2,0,0,0,0,1.0,1.0,1.1,2.2,1.4,2.2,-1.0,-1.0,+0.9,0.10,10,0.00,0.00,1,10.0,17.1,0,FWMF,b625b241
149,Abdul Fatawu Issahaku,2,1.0,1.4,2024-2025,20,gh GHA,Leicester City,eng Premier League,9,399,4.4,4,5,0,0,2,2,0,0,0,0,0.3,0.3,1.4,1.8,1.0,1.8,-0.3,-0.3,+0.6,0.03,10,0.00,0.00,3,30.0,30.5,0,FW,bceda5ff
150,Fabian Rieder,2,1.3,1.1,2024-2025,22,ch SUI,Stuttgart,de Bundesliga,8,404,4.5,4,4,0,1,2,3,1,0,0,0,0.6,0.6,1.1,1.8,1.3,1.8,+0.4,+0.4,+0.9,0.07,9,0.11,0.25,4,44.4,23.7,4,MFFW,c2bd8585
151,Michael Olise,2,2.6,1.9,2024-2025,22,fr FRA,Bayern Munich,de Bundesliga,8,539,6.0,7,1,0,5,2,7,5,0,0,0,2.4,2.4,1.9,4.3,2.6,4.3,+2.6,+2.6,+0.1,0.12,21,0.24,0.42,12,57.1,17.4,2,FWMF,c4486bac
152,Georginio Rutter,2,0.9,1.3,2024-2025,22,fr FRA,Brighton,eng Premier League,8,448,5.0,6,2,0,2,2,4,2,0,0,0,1.5,1.5,1.3,2.7,0.9,2.7,+0.5,+0.5,+0.7,0.07,20,0.10,0.67,3,15.0,14.4,0,FWMF,c64c01fc
153,Pedro Pereira,2,0.2,0.2,2024-2025,26,pt POR,Monza,it Serie A,9,638,7.1,8,1,1,0,2,2,0,0,0,0,0.1,0.1,0.2,0.3,0.2,0.3,-0.1,-0.1,+1.8,0.03,3,0.00,0.00,2,66.7,17.4,0,DF,c77be0cf
154,Sebastian Nanasi,2,1.5,1.4,2024-2025,22,se SWE,Strasbourg,fr Ligue 1,8,574,6.4,7,1,0,3,2,5,3,0,0,0,2.9,2.9,1.4,4.3,1.5,4.3,+0.1,+0.1,+0.6,0.41,7,0.43,0.60,5,71.4,11.2,0,FWMF,ce747d2a
155,Nélson Semedo,2,0.4,1.0,2024-2025,30,pt POR,Wolves,eng Premier League,7,600,6.7,7,0,0,0,2,2,0,0,0,0,0.3,0.3,1.0,1.3,0.4,1.3,-0.3,-0.3,+1.0,0.06,5,0.00,0.00,3,60.0,22.4,0,DF,d04b94db
156,Theo Hernández,2,0.7,0.5,2024-2025,26,fr FRA,Milan,it Serie A,7,485,5.4,5,2,0,2,2,4,2,0,1,1,1.2,0.4,0.5,1.7,0.7,0.9,+0.8,+1.6,+1.5,0.05,8,0.25,1.00,2,25.0,20.6,0,DF,d4c9725f
157,Mattia Zaccagni,2,1.2,1.0,2024-2025,29,it ITA,Lazio,it Serie A,8,668,7.4,8,0,0,2,2,4,1,1,1,0,2.2,1.4,1.0,3.2,1.2,2.4,-0.2,-0.4,+1.0,0.10,14,0.07,0.20,5,35.7,18.9,0,FWMF,d85c238b
158,Kenan Yıldız,2,1.1,1.0,2024-2025,19,tr TUR,Juventus,it Serie A,10,663,7.4,7,3,0,2,2,4,2,0,0,0,0.9,0.9,1.0,1.9,1.1,1.9,+1.1,+1.1,+1.0,0.06,15,0.13,0.40,5,33.3,17.1,0,FWMF,d8cda243
159,Franck Honorat,2,1.2,1.6,2024-2025,27,fr FRA,Gladbach,de Bundesliga,5,403,4.5,5,0,0,1,2,3,1,0,0,0,1.8,1.8,1.6,3.4,1.2,3.4,-0.8,-0.8,+0.4,0.20,9,0.11,0.25,4,44.4,13.4,0,FW,db7849ca
160,Adam Masina,2,0.4,0.2,2024-2025,30,ma MAR,Torino,it Serie A,10,868,9.6,9,1,0,0,2,2,0,0,0,0,0.0,0.0,0.2,0.3,0.4,0.3,0.0,0.0,+1.8,0.05,1,0.00,,0,0.0,9.9,0,DF,de0f152c
161,Jacob Murphy,2,1.2,1.4,2024-2025,29,eng ENG,Newcastle Utd,eng Premier League,9,496,5.5,6,3,0,0,2,2,0,0,0,0,0.3,0.3,1.4,1.7,1.2,1.7,-0.3,-0.3,+0.6,0.05,7,0.00,0.00,3,42.9,19.0,0,FW,de112b84
162,Elliot Anderson,2,0.8,1.2,2024-2025,21,eng ENG,Nott'ham Forest,eng Premier League,9,569,6.3,8,1,0,0,2,2,0,0,0,0,0.8,0.8,1.2,1.9,0.8,1.9,-0.8,-0.8,+0.8,0.05,15,0.00,0.00,3,20.0,19.7,0,MFFW,de31038e
163,Khvicha Kvaratskhelia,2,2.0,2.6,2024-2025,23,ge GEO,Napoli,it Serie A,10,691,7.7,9,1,0,5,2,7,4,1,1,0,3.0,2.2,2.6,5.6,2.0,4.8,+2.0,+1.8,-0.6,0.07,29,0.14,0.40,10,34.5,19.2,1,FWMF,dea88efd
164,Kevin Stöger,2,1.9,3.4,2024-2025,30,at AUT,Gladbach,de Bundesliga,8,549,6.1,6,2,0,0,2,2,0,0,0,0,0.7,0.7,3.4,4.1,1.9,4.1,-0.7,-0.7,-1.4,0.08,8,0.00,0.00,2,25.0,25.7,2,MFFW,e5649a78
165,Matheus Nunes,2,0.7,1.0,2024-2025,25,pt POR,Manchester City,eng Premier League,6,113,1.3,1,5,3,0,2,2,0,0,0,0,0.1,0.1,1.0,1.1,0.7,1.1,-0.1,-0.1,+1.0,0.03,3,0.00,,0,0.0,19.4,0,MFFW,e6af02e0
166,Cyle Larin,2,0.2,1.1,2024-2025,29,ca CAN,Mallorca,es La Liga,9,508,5.6,7,2,2,1,2,3,1,0,0,0,1.4,1.4,1.1,2.5,0.2,2.5,-0.4,-0.4,+0.9,0.15,9,0.11,0.50,2,22.2,12.6,0,FW,e7af9060
167,Exequiel Palacios,2,0.4,0.4,2024-2025,25,ar ARG,Leverkusen,de Bundesliga,3,82,0.9,1,2,2,0,2,2,0,0,0,0,0.0,0.0,0.4,0.5,0.4,0.5,0.0,0.0,+1.6,0.04,1,0.00,,0,0.0,15.4,0,MF,e82adcab
168,Alexander Sørloth,2,0.4,1.3,2024-2025,28,no NOR,Atlético Madrid,es La Liga,11,563,6.3,7,4,0,3,2,5,3,0,0,0,4.1,4.1,1.3,5.4,0.4,5.4,-1.1,-1.1,+0.7,0.17,25,0.12,0.33,9,36.0,13.8,0,FW,e92cd3f7
169,Dani Raba,2,0.4,0.8,2024-2025,28,es ESP,Leganés,es La Liga,6,275,3.1,4,2,5,0,2,2,0,0,1,1,1.0,0.2,0.8,1.8,0.4,1.0,-1.0,-0.2,+1.2,0.03,5,0.00,0.00,2,40.0,31.6,0,FWMF,ea6a7ab4
170,Mohamed Haj,2,0.2,0.5,2024-2025,19,tn TUN,Parma,it Serie A,2,37,0.4,0,2,8,0,2,2,0,0,0,0,0.3,0.3,0.5,0.8,0.2,0.8,-0.3,-0.3,+1.5,0.15,2,0.00,0.00,1,50.0,10.3,0,MF,eb7dc619
171,Emanuele Valeri,2,0.3,0.7,2024-2025,25,it ITA,Parma,it Serie A,7,502,5.6,7,0,1,0,2,2,0,0,0,0,0.1,0.1,0.7,0.8,0.3,0.8,-0.1,-0.1,+1.3,0.03,3,0.00,,0,0.0,24.4,0,DF,ec52b661
172,Lautaro Martínez,2,1.4,1.3,2024-2025,26,ar ARG,Inter,it Serie A,9,738,8.2,9,0,0,4,2,6,4,0,0,0,2.9,2.9,1.3,4.2,1.4,4.2,+1.1,+1.1,+0.7,0.11,27,0.15,0.40,10,37.0,13.8,0,FW,f7036e1c
173,Enzo Millot,2,1.5,1.5,2024-2025,22,fr FRA,Stuttgart,de Bundesliga,8,521,5.8,6,2,0,3,2,5,3,0,1,1,4.2,3.3,1.5,5.7,1.5,4.8,-1.2,-0.3,+0.5,0.23,15,0.20,0.60,5,33.3,14.8,0,MFFW,f76022e7
174,Sávio,2,2.7,3.0,2024-2025,20,br BRA,Manchester City,eng Premier League,7,453,5.0,6,1,1,0,2,2,0,0,0,0,1.1,1.1,3.0,4.1,2.7,4.1,-1.1,-1.1,-1.0,0.09,13,0.00,0.00,4,30.8,20.4,1,FWMF,fe6e7156
175,Pape Matar Sarr,2,0.2,1.1,2024-2025,21,sn SEN,Tottenham,eng Premier League,9,290,3.2,2,7,0,0,2,2,0,0,0,0,0.6,0.6,1.1,1.7,0.2,1.7,-0.6,-0.6,+0.9,0.09,7,0.00,0.00,3,42.9,22.5,0,MF,feb5d972