id,minute,result,X,Y,xG,player,h_a,player_id,situation,year,shotType,match_id,h_team,a_team,h_goals,a_goals,date,player_assisted,lastAction
320819,85,ShotOnPost,0.9569999694824218,0.655,0.2586280107498169,Theo Hernández,h,2547,OpenPlay,2019,LeftFoot,13125,AC Milan,Inter,0,2,2019-09-21T18:45:00Z,Ante Rebic,Pass
323573,46,BlockedShot,0.815,0.4909999847412109,0.04771560057997703,Theo Hernández,h,2547,OpenPlay,2019,LeftFoot,13143,AC Milan,Fiorentina,1,3,2019-09-29T18:45:00Z,NA,BallRecovery
324462,50,Goal,0.986999969482422,0.6029999923706054,0.06706900149583817,Theo Hernández,a,2547,SetPiece,2019,LeftFoot,13153,Genoa,AC Milan,1,2,2019-10-05T19:45:00Z,Lucas Paquetá,Pass
326614,77,SavedShot,0.865,0.69,0.0466713011264801,Theo Hernández,h,2547,OpenPlay,2019,LeftFoot,13163,AC Milan,Lecce,2,2,2019-10-20T19:45:00Z,Rade Krunic,Pass
328106,54,Goal,0.875,0.485,0.07537910342216492,Theo Hernández,a,2547,OpenPlay,2019,RightFoot,13176,Roma,AC Milan,2,1,2019-10-27T17:00:00Z,Davide Calabria,Cross
330048,47,MissedShots,0.7030000305175781,0.64,0.01273300033062696,Theo Hernández,h,2547,OpenPlay,2019,LeftFoot,13195,AC Milan,Lazio,1,2,2019-11-03T19:45:00Z,Lucas Paquetá,Pass
331659,31,MissedShots,0.78,0.67,0.01689830049872398,Theo Hernández,a,2547,FromCorner,2019,LeftFoot,13202,Juventus,AC Milan,1,0,2019-11-10T19:45:00Z,NA,None
331661,44,SavedShot,0.725,0.6969999694824218,0.01164699997752904,Theo Hernández,a,2547,OpenPlay,2019,LeftFoot,13202,Juventus,AC Milan,1,0,2019-11-10T19:45:00Z,Andrea Conti,Pass
334252,80,BlockedShot,0.794000015258789,0.77,0.01971109956502914,Theo Hernández,a,2547,OpenPlay,2019,LeftFoot,13228,Parma Calcio 1913,AC Milan,0,1,2019-12-01T14:00:00Z,Giacomo Bonaventura,Pass
334258,87,Goal,0.9130000305175782,0.625,0.3198220133781433,Theo Hernández,a,2547,OpenPlay,2019,LeftFoot,13228,Parma Calcio 1913,AC Milan,0,1,2019-12-01T14:00:00Z,NA,Rebound
336605,31,Goal,0.948000030517578,0.5220000076293946,0.6532909870147705,Theo Hernández,a,2547,OpenPlay,2019,RightFoot,13230,Bologna,AC Milan,2,3,2019-12-08T19:45:00Z,Suso,Throughball
336607,39,OwnGoal,0.04900000095367431,0.4759999847412109,0,Theo Hernández,a,2547,FromCorner,2019,OtherBodyPart,13230,Bologna,AC Milan,2,3,2019-12-08T19:45:00Z,NA,CornerAwarded
336622,94,SavedShot,0.906999969482422,0.6409999847412109,0.29373300075531006,Theo Hernández,a,2547,OpenPlay,2019,LeftFoot,13230,Bologna,AC Milan,2,3,2019-12-08T19:45:00Z,Lucas Paquetá,Pass
337551,93,SavedShot,0.8669999694824219,0.7,0.12453100085258484,Theo Hernández,h,2547,OpenPlay,2019,LeftFoot,13246,AC Milan,Sassuolo,0,0,2019-12-15T14:00:00Z,NA,TakeOn
354042,3,BlockedShot,0.794000015258789,0.7330000305175781,0.01837730035185814,Theo Hernández,h,2547,OpenPlay,2019,LeftFoot,13265,AC Milan,Sampdoria,0,0,2020-01-06T14:00:00Z,Krzysztof Piatek,BallTouch
354061,70,BlockedShot,0.8040000152587891,0.73,0.02179040014743805,Theo Hernández,h,2547,SetPiece,2019,RightFoot,13265,AC Milan,Sampdoria,0,0,2020-01-06T14:00:00Z,Ismael Bennacer,Pass
354145,16,SavedShot,0.9669999694824218,0.7119999694824218,0.04671970009803772,Theo Hernández,a,2547,OpenPlay,2019,LeftFoot,13269,Cagliari,AC Milan,0,2,2020-01-11T14:00:00Z,Hakan Calhanoglu,Pass
355086,8,MissedShots,0.8930000305175781,0.549000015258789,0.0673770010471344,Theo Hernández,h,2547,SetPiece,2019,Head,13286,AC Milan,Udinese,3,2,2020-01-19T11:30:00Z,Samu Castillejo,Cross
355091,33,MissedShots,0.7769999694824219,0.6730000305175782,0.01963100023567676,Theo Hernández,h,2547,OpenPlay,2019,LeftFoot,13286,AC Milan,Udinese,3,2,2020-01-19T11:30:00Z,NA,None
355112,70,Goal,0.7809999847412109,0.6229999923706054,0.01936610043048858,Theo Hernández,h,2547,FromCorner,2019,LeftFoot,13286,AC Milan,Udinese,3,2,2020-01-19T11:30:00Z,NA,None
355567,80,MissedShots,0.6790000152587891,0.73,0.01181850023567676,Theo Hernández,a,2547,OpenPlay,2019,LeftFoot,13289,Brescia,AC Milan,0,1,2020-01-24T19:45:00Z,Samu Castillejo,Pass
355570,85,ShotOnPost,0.8440000152587891,0.56,0.1648440062999725,Theo Hernández,a,2547,OpenPlay,2019,LeftFoot,13289,Brescia,AC Milan,0,1,2020-01-24T19:45:00Z,Zlatan Ibrahimovic,TakeOn
357198,78,BlockedShot,0.7759999847412109,0.6480000305175782,0.01792149990797043,Theo Hernández,h,2547,OpenPlay,2019,LeftFoot,13305,AC Milan,Verona,1,1,2020-02-02T14:00:00Z,NA,Rebound
357203,90,MissedShots,0.8959999847412109,0.7119999694824218,0.05098389834165573,Theo Hernández,h,2547,OpenPlay,2019,LeftFoot,13305,AC Milan,Verona,1,1,2020-02-02T14:00:00Z,Ante Rebic,Pass
357204,91,SavedShot,0.9280000305175782,0.7230000305175781,0.04305540025234222,Theo Hernández,h,2547,OpenPlay,2019,LeftFoot,13305,AC Milan,Verona,1,1,2020-02-02T14:00:00Z,NA,None
357206,94,MissedShots,0.8159999847412109,0.675,0.030237199738621712,Theo Hernández,h,2547,OpenPlay,2019,LeftFoot,13305,AC Milan,Verona,1,1,2020-02-02T14:00:00Z,NA,None
358650,21,MissedShots,0.8009999847412109,0.649000015258789,0.03048250079154968,Theo Hernández,a,2547,OpenPlay,2019,LeftFoot,13312,Inter,AC Milan,4,2,2020-02-09T19:45:00Z,NA,None
359599,22,MissedShots,0.7909999847412109,0.6890000152587891,0.02213679999113083,Theo Hernández,h,2547,OpenPlay,2019,RightFoot,13325,AC Milan,Torino,1,0,2020-02-17T19:45:00Z,Ismael Bennacer,TakeOn
359612,74,BlockedShot,0.72,0.5509999847412109,0.01902849972248077,Theo Hernández,h,2547,FromCorner,2019,LeftFoot,13325,AC Milan,Torino,1,0,2020-02-17T19:45:00Z,Zlatan Ibrahimovic,Pass
359613,77,BlockedShot,0.7519999694824219,0.5640000152587891,0.02393239922821521,Theo Hernández,h,2547,FromCorner,2019,LeftFoot,13325,AC Milan,Torino,1,0,2020-02-17T19:45:00Z,Ismael Bennacer,Pass
360113,18,BlockedShot,0.8019999694824219,0.725999984741211,0.02411719970405101,Theo Hernández,a,2547,OpenPlay,2019,LeftFoot,13332,Fiorentina,AC Milan,1,1,2020-02-22T19:45:00Z,Alessio Romagnoli,Pass
360126,67,MissedShots,0.865999984741211,0.7190000152587891,0.04451780021190643,Theo Hernández,a,2547,OpenPlay,2019,LeftFoot,13332,Fiorentina,AC Milan,1,1,2020-02-22T19:45:00Z,Ante Rebic,Pass
362140,28,MissedShots,0.94,0.7090000152587891,0.04745540022850036,Theo Hernández,h,2547,OpenPlay,2019,LeftFoot,13343,AC Milan,Genoa,1,2,2020-03-08T14:00:00Z,Ante Rebic,Pass
365931,14,MissedShots,0.9080000305175782,0.4520000076293945,0.02264030091464519,Theo Hernández,a,2547,FromCorner,2019,Head,13354,Lecce,AC Milan,1,4,2020-06-22T17:30:00Z,Hakan Calhanoglu,Aerial
365935,24,SavedShot,0.8819999694824219,0.72,0.03829880058765411,Theo Hernández,a,2547,OpenPlay,2019,LeftFoot,13354,Lecce,AC Milan,1,4,2020-06-22T17:30:00Z,Ismael Bennacer,Pass
367390,66,BlockedShot,0.75,0.5879999923706055,0.02118650078773498,Theo Hernández,h,2547,OpenPlay,2019,LeftFoot,13363,AC Milan,Roma,2,0,2020-06-28T15:15:00Z,Hakan Calhanoglu,Pass
368247,46,MissedShots,0.71,0.525,0.00992821995168924,Theo Hernández,a,2547,SetPiece,2019,LeftFoot,13375,SPAL 2013,AC Milan,2,2,2020-07-01T19:45:00Z,NA,None
368258,57,BlockedShot,0.8290000152587891,0.6370000076293946,0.03071700036525726,Theo Hernández,a,2547,FromCorner,2019,LeftFoot,13375,SPAL 2013,AC Milan,2,2,2020-07-01T19:45:00Z,NA,None
368842,67,SavedShot,0.905,0.5979999923706054,0.36206600069999695,Theo Hernández,a,2547,OpenPlay,2019,LeftFoot,13379,Lazio,AC Milan,0,3,2020-07-04T19:45:00Z,Ante Rebic,Pass
368843,79,MissedShots,0.9130000305175782,0.4909999847412109,0.5601480007171631,Theo Hernández,a,2547,OpenPlay,2019,LeftFoot,13379,Lazio,AC Milan,0,3,2020-07-04T19:45:00Z,Rade Krunic,TakeOn
371127,19,Goal,0.9669999694824218,0.5690000152587891,0.39865800738334656,Theo Hernández,a,2547,OpenPlay,2019,LeftFoot,13401,Napoli,AC Milan,2,2,2020-07-12T19:45:00Z,Ante Rebic,Chipped
371564,8,MissedShots,0.9180000305175782,0.4779999923706055,0.04106159880757332,Theo Hernández,h,2547,FromCorner,2019,Head,13416,AC Milan,Parma Calcio 1913,3,1,2020-07-15T17:30:00Z,Hakan Calhanoglu,Aerial
371567,16,MissedShots,0.909000015258789,0.46299999237060546,0.07809659838676453,Theo Hernández,h,2547,FromCorner,2019,RightFoot,13416,AC Milan,Parma Calcio 1913,3,1,2020-07-15T17:30:00Z,Lucas Biglia,Cross
371581,44,SavedShot,0.9540000152587892,0.635,0.32318899035453796,Theo Hernández,h,2547,OpenPlay,2019,LeftFoot,13416,AC Milan,Parma Calcio 1913,3,1,2020-07-15T17:30:00Z,Franck Kessié,Throughball
372395,6,SavedShot,0.9290000152587892,0.6759999847412109,0.2566460072994232,Theo Hernández,h,2547,OpenPlay,2019,LeftFoot,13424,AC Milan,Bologna,5,1,2020-07-18T19:45:00Z,Ante Rebic,Pass
372413,63,MissedShots,0.789000015258789,0.6229999923706054,0.03819070011377334,Theo Hernández,h,2547,OpenPlay,2019,LeftFoot,13424,AC Milan,Bologna,5,1,2020-07-18T19:45:00Z,NA,BallRecovery
372418,71,MissedShots,0.960999984741211,0.5879999923706055,0.3052990138530731,Theo Hernández,h,2547,FromCorner,2019,LeftFoot,13424,AC Milan,Bologna,5,1,2020-07-18T19:45:00Z,Ante Rebic,Cross
372417,71,MissedShots,0.921999969482422,0.5120000076293946,0.1056009978055954,Theo Hernández,h,2547,FromCorner,2019,Head,13424,AC Milan,Bologna,5,1,2020-07-18T19:45:00Z,Ismael Bennacer,Cross
374152,7,SavedShot,0.916999969482422,0.5890000152587891,0.424576997756958,Theo Hernández,a,2547,OpenPlay,2019,RightFoot,13456,Sampdoria,AC Milan,1,4,2020-07-29T17:30:00Z,Ante Rebic,Pass
374424,2,MissedShots,0.9130000305175782,0.5109999847412109,0.05553929880261421,Theo Hernández,h,2547,FromCorner,2019,OtherBodyPart,13464,AC Milan,Cagliari,3,0,2020-08-01T18:45:00Z,Hakan Calhanoglu,Cross
374442,72,BlockedShot,0.7169999694824218,0.5159999847412109,0.01876880042254924,Theo Hernández,h,2547,OpenPlay,2019,LeftFoot,13464,AC Milan,Cagliari,3,0,2020-08-01T18:45:00Z,Giacomo Bonaventura,Pass
378507,48,BlockedShot,0.925,0.5059999847412109,0.05355489999055862,Theo Hernández,h,2547,FromCorner,2020,Head,14122,AC Milan,Bologna,2,0,2020-09-21T18:45:00Z,Hakan Calhanoglu,Aerial
378519,75,SavedShot,0.6990000152587891,0.5479999923706055,0.01423409953713417,Theo Hernández,h,2547,OpenPlay,2020,LeftFoot,14122,AC Milan,Bologna,2,0,2020-09-21T18:45:00Z,NA,None
381390,40,BlockedShot,0.7569999694824219,0.6029999923706054,0.03608360141515732,Theo Hernández,h,2547,SetPiece,2020,LeftFoot,15454,AC Milan,Spezia,3,0,2020-10-04T16:00:00Z,Brahim Diaz,TakeOn
381399,75,Goal,0.86,0.6809999847412109,0.06238289922475815,Theo Hernández,h,2547,OpenPlay,2020,LeftFoot,15454,AC Milan,Spezia,3,0,2020-10-04T16:00:00Z,NA,BallRecovery
381401,81,SavedShot,0.8980000305175782,0.6409999847412109,0.12222500145435332,Theo Hernández,h,2547,OpenPlay,2020,LeftFoot,15454,AC Milan,Spezia,3,0,2020-10-04T16:00:00Z,Hakan Calhanoglu,Pass
381962,24,BlockedShot,0.75,0.664000015258789,0.02138210088014602,Theo Hernández,a,2547,OpenPlay,2020,LeftFoot,15457,Inter,AC Milan,1,2,2020-10-17T16:00:00Z,Alexis Saelemaekers,Pass
384242,28,BlockedShot,0.8640000152587891,0.5459999847412109,0.09804269671440125,Theo Hernández,h,2547,OpenPlay,2020,LeftFoot,15473,AC Milan,Roma,3,3,2020-10-26T19:45:00Z,Hakan Calhanoglu,Pass
384921,61,MissedShots,0.8909999847412109,0.4209999847412109,0.03759529814124107,Theo Hernández,a,2547,FromCorner,2020,Head,15484,Udinese,AC Milan,1,2,2020-11-01T11:30:00Z,Simon Kjaer,HeadPass
386934,29,SavedShot,0.9690000152587892,0.5729999923706055,0.3661409914493561,Theo Hernández,h,2547,OpenPlay,2020,LeftFoot,15492,AC Milan,Verona,2,2,2020-11-08T19:45:00Z,NA,BallTouch
386947,63,SavedShot,0.92,0.6020000076293945,0.36002200841903687,Theo Hernández,h,2547,OpenPlay,2020,LeftFoot,15492,AC Milan,Verona,2,2,2020-11-08T19:45:00Z,Ante Rebic,Pass
389373,29,BlockedShot,0.7969999694824219,0.40900001525878904,0.10507100075483322,Theo Hernández,h,2547,DirectFreekick,2020,LeftFoot,15512,AC Milan,Fiorentina,2,0,2020-11-29T14:00:00Z,NA,Standard
392475,52,BlockedShot,0.916999969482422,0.6990000152587891,0.0537009984254837,Theo Hernández,h,2547,OpenPlay,2020,LeftFoot,15532,AC Milan,Parma Calcio 1913,2,2,2020-12-13T19:45:00Z,Jens Petter Hauge,Pass
392477,57,Goal,0.95,0.5029999923706054,0.4717000126838684,Theo Hernández,h,2547,FromCorner,2020,Head,15532,AC Milan,Parma Calcio 1913,2,2,2020-12-13T19:45:00Z,Hakan Calhanoglu,Cross
392482,81,BlockedShot,0.7519999694824219,0.6229999923706054,0.01699879951775074,Theo Hernández,h,2547,OpenPlay,2020,LeftFoot,15532,AC Milan,Parma Calcio 1913,2,2,2020-12-13T19:45:00Z,NA,None
392486,90,Goal,0.8590000152587891,0.5940000152587891,0.0583106018602848,Theo Hernández,h,2547,OpenPlay,2020,LeftFoot,15532,AC Milan,Parma Calcio 1913,2,2,2020-12-13T19:45:00Z,NA,Rebound
394459,35,BlockedShot,0.7580000305175781,0.7519999694824219,0.01962620019912719,Theo Hernández,a,2547,OpenPlay,2020,LeftFoot,15554,Sassuolo,AC Milan,1,2,2020-12-20T14:00:00Z,Franck Kessié,Pass
394475,86,SavedShot,0.6909999847412109,0.95,0.02027780003845691,Theo Hernández,a,2547,DirectFreekick,2020,LeftFoot,15554,Sassuolo,AC Milan,1,2,2020-12-20T14:00:00Z,NA,Standard
395377,46,BlockedShot,0.9669999694824218,0.6469999694824219,0.10079900175333024,Theo Hernández,h,2547,OpenPlay,2020,LeftFoot,15559,AC Milan,Lazio,3,2,2020-12-23T19:45:00Z,Ante Rebic,Pass
395389,91,Goal,0.9259999847412108,0.5379999923706055,0.10316800326108932,Theo Hernández,h,2547,FromCorner,2020,Head,15559,AC Milan,Lazio,3,2,2020-12-23T19:45:00Z,Hakan Calhanoglu,Cross
397541,88,BlockedShot,0.835,0.68,0.0433398000895977,Theo Hernández,h,2547,OpenPlay,2020,LeftFoot,15581,AC Milan,Juventus,1,3,2021-01-06T19:45:00Z,Brahim Diaz,Pass
397956,16,MissedShots,0.7480000305175781,0.6780000305175782,0.01690440066158771,Theo Hernández,h,2547,OpenPlay,2020,LeftFoot,15590,AC Milan,Torino,2,0,2021-01-09T19:45:00Z,Sandro Tonali,Pass
400542,43,BlockedShot,0.745,0.665,0.01743309944868087,Theo Hernández,h,2547,OpenPlay,2020,LeftFoot,15611,AC Milan,Atalanta,0,3,2021-01-23T17:00:00Z,Franck Kessié,Pass
400562,94,MissedShots,0.935,0.56,0.07371439784765244,Theo Hernández,h,2547,OpenPlay,2020,Head,15611,AC Milan,Atalanta,0,3,2021-01-23T17:00:00Z,Ante Rebic,Aerial
401517,11,BlockedShot,0.8059999847412109,0.36400001525878906,0.0358365997672081,Theo Hernández,a,2547,SetPiece,2020,LeftFoot,15619,Bologna,AC Milan,1,2,2021-01-30T14:00:00Z,Zlatan Ibrahimovic,TakeOn
403725,25,BlockedShot,0.7419999694824219,0.635,0.01725940033793449,Theo Hernández,h,2547,OpenPlay,2020,LeftFoot,15628,AC Milan,Crotone,4,0,2021-02-07T14:00:00Z,Soualiho Meité,Pass
403730,52,BlockedShot,0.7619999694824219,0.6170000076293946,0.0276676993817091,Theo Hernández,h,2547,OpenPlay,2020,LeftFoot,15628,AC Milan,Crotone,4,0,2021-02-07T14:00:00Z,Franck Kessié,Pass
403732,62,MissedShots,0.7859999847412109,0.6079999923706054,0.04298169910907745,Theo Hernández,h,2547,OpenPlay,2020,LeftFoot,15628,AC Milan,Crotone,4,0,2021-02-07T14:00:00Z,Ante Rebic,Pass
404481,25,MissedShots,0.906999969482422,0.415,0.06347370147705078,Theo Hernández,a,2547,SetPiece,2020,Head,15642,Spezia,AC Milan,2,0,2021-02-13T19:45:00Z,Hakan Calhanoglu,Cross
405936,32,MissedShots,0.8630000305175781,0.42400001525878905,0.08762729912996292,Theo Hernández,h,2547,OpenPlay,2020,RightFoot,15648,AC Milan,Inter,0,3,2021-02-21T14:00:00Z,NA,TakeOn
407586,48,MissedShots,0.8440000152587891,0.4520000076293945,0.12514400482177734,Theo Hernández,a,2547,OpenPlay,2020,LeftFoot,15663,Roma,AC Milan,1,2,2021-02-28T19:45:00Z,NA,TakeOn
408076,37,BlockedShot,0.8769999694824219,0.42200000762939455,0.01462449971586465,Theo Hernández,h,2547,SetPiece,2020,Head,15672,AC Milan,Udinese,1,1,2021-03-03T19:45:00Z,Sandro Tonali,SubstitutionOn
408088,94,MissedShots,0.8380000305175781,0.6179999923706054,0.05866710096597671,Theo Hernández,h,2547,OpenPlay,2020,LeftFoot,15672,AC Milan,Udinese,1,1,2021-03-03T19:45:00Z,Jens Petter Hauge,Pass
410732,82,MissedShots,0.8109999847412109,0.695,0.02888490073382854,Theo Hernández,h,2547,OpenPlay,2020,LeftFoot,15690,AC Milan,Napoli,0,1,2021-03-14T19:45:00Z,Jens Petter Hauge,LayOff
410735,94,MissedShots,0.77,0.5870000076293945,0.01151030045002698,Theo Hernández,h,2547,OpenPlay,2020,LeftFoot,15690,AC Milan,Napoli,0,1,2021-03-14T19:45:00Z,Soualiho Meité,Aerial
411995,36,MissedShots,0.8030000305175782,0.549000015258789,0.03262830153107643,Theo Hernández,a,2547,FromCorner,2020,LeftFoot,15701,Fiorentina,AC Milan,2,3,2021-03-21T17:00:00Z,Hakan Calhanoglu,Cross
412003,66,MissedShots,0.9540000152587892,0.620999984741211,0.3003070056438446,Theo Hernández,a,2547,OpenPlay,2020,LeftFoot,15701,Fiorentina,AC Milan,2,3,2021-03-21T17:00:00Z,Brahim Diaz,Chipped
412133,40,MissedShots,0.7280000305175781,0.5840000152587891,0.0128241004422307,Theo Hernández,h,2547,FromCorner,2020,LeftFoot,15712,AC Milan,Sampdoria,1,1,2021-04-03T10:30:00Z,NA,Aerial
413977,16,MissedShots,0.9059999847412108,0.5659999847412109,0.0511133000254631,Theo Hernández,a,2547,FromCorner,2020,Head,15722,Parma Calcio 1913,AC Milan,1,3,2021-04-10T16:00:00Z,Hakan Calhanoglu,Cross
415522,4,MissedShots,0.8569999694824219,0.6609999847412109,0.03255650028586387,Theo Hernández,h,2547,OpenPlay,2020,LeftFoot,15728,AC Milan,Genoa,2,1,2021-04-18T10:30:00Z,Hakan Calhanoglu,Cross
415523,12,BlockedShot,0.7680000305175781,0.2620000076293945,0.04378369823098183,Theo Hernández,h,2547,DirectFreekick,2020,LeftFoot,15728,AC Milan,Genoa,2,1,2021-04-18T10:30:00Z,NA,Standard
415530,41,BlockedShot,0.8530000305175781,0.6469999694824219,0.05691029876470566,Theo Hernández,h,2547,OpenPlay,2020,LeftFoot,15728,AC Milan,Genoa,2,1,2021-04-18T10:30:00Z,Ante Rebic,BallTouch
418222,39,MissedShots,0.794000015258789,0.6270000076293946,0.02704999968409538,Theo Hernández,a,2547,OpenPlay,2020,LeftFoot,15749,Lazio,AC Milan,3,0,2021-04-26T18:45:00Z,Ante Rebic,Pass
418753,36,SavedShot,0.8380000305175781,0.6480000305175782,0.04436089843511581,Theo Hernández,h,2547,SetPiece,2020,LeftFoot,15757,AC Milan,Benevento,2,0,2021-05-01T18:45:00Z,Diogo Dalot,Chipped
418769,59,Goal,0.9230000305175782,0.5359999847412109,0.4713729918003082,Theo Hernández,h,2547,OpenPlay,2020,LeftFoot,15757,AC Milan,Benevento,2,0,2021-05-01T18:45:00Z,NA,Rebound
421384,18,Goal,0.8109999847412109,0.695,0.02791539952158928,Theo Hernández,a,2547,OpenPlay,2020,LeftFoot,15780,Torino,AC Milan,0,7,2021-05-12T18:45:00Z,Brahim Diaz,Pass
421397,61,Goal,0.915,0.5979999923706054,0.4746040105819702,Theo Hernández,a,2547,OpenPlay,2020,LeftFoot,15780,Torino,AC Milan,0,7,2021-05-12T18:45:00Z,Ante Rebic,Throughball
422826,41,MissedShots,0.749000015258789,0.3529999923706055,0.01876509934663772,Theo Hernández,h,2547,SetPiece,2020,LeftFoot,15788,AC Milan,Cagliari,0,0,2021-05-16T18:45:00Z,Ante Rebic,Pass
422831,52,BlockedShot,0.835999984741211,0.639000015258789,0.05175679922103882,Theo Hernández,h,2547,OpenPlay,2020,RightFoot,15788,AC Milan,Cagliari,0,0,2021-05-16T18:45:00Z,Ante Rebic,BallTouch
428031,25,SavedShot,0.765,0.5840000152587891,0.01129280030727386,Theo Hernández,a,2547,SetPiece,2021,LeftFoot,16765,Sampdoria,AC Milan,0,1,2021-08-23T18:45:00Z,NA,Aerial
430641,6,MissedShots,0.7819999694824219,0.6559999847412109,0.02518559992313385,Theo Hernández,h,2547,OpenPlay,2021,LeftFoot,16780,AC Milan,Lazio,2,0,2021-09-12T16:00:00Z,Sandro Tonali,Pass
432238,58,MissedShots,0.7019999694824218,0.625,0.01369350031018257,Theo Hernández,a,2547,OpenPlay,2021,LeftFoot,16790,Juventus,AC Milan,1,1,2021-09-19T18:45:00Z,Brahim Diaz,Pass
432761,77,SavedShot,0.765,0.5120000076293946,0.07857800275087357,Theo Hernández,h,2547,DirectFreekick,2021,LeftFoot,16800,AC Milan,Venezia,2,0,2021-09-22T18:45:00Z,NA,Standard
432762,81,Goal,0.93,0.67,0.28187599778175354,Theo Hernández,h,2547,OpenPlay,2021,LeftFoot,16800,AC Milan,Venezia,2,0,2021-09-22T18:45:00Z,Alexis Saelemaekers,Pass
433210,26,MissedShots,0.8059999847412109,0.18,0.03931690007448196,Theo Hernández,a,2547,DirectFreekick,2021,LeftFoot,16812,Spezia,AC Milan,1,2,2021-09-25T13:00:00Z,NA,Standard
433215,43,BlockedShot,0.9280000305175782,0.6580000305175782,0.11246400326490402,Theo Hernández,a,2547,OpenPlay,2021,LeftFoot,16812,Spezia,AC Milan,1,2,2021-09-25T13:00:00Z,Franck Kessié,Pass
438861,81,MissedShots,0.765,0.735999984741211,0.0191866997629404,Theo Hernández,h,2547,OpenPlay,2021,LeftFoot,16850,AC Milan,Torino,1,0,2021-10-26T18:45:00Z,Alexis Saelemaekers,Pass
440542,46,SavedShot,0.7930000305175782,0.370999984741211,0.0866250991821289,Theo Hernández,a,2547,DirectFreekick,2021,LeftFoot,16862,Roma,AC Milan,1,2,2021-10-31T19:45:00Z,NA,Standard
445452,24,BlockedShot,0.860999984741211,0.7069999694824218,0.0511941984295845,Theo Hernández,a,2547,OpenPlay,2021,RightFoot,16899,Genoa,AC Milan,0,3,2021-12-01T19:45:00Z,Brahim Diaz,Pass
446008,25,MissedShots,0.7180000305175781,0.5990000152587891,0.02138439938426017,Theo Hernández,h,2547,OpenPlay,2021,LeftFoot,16910,AC Milan,Salernitana,2,0,2021-12-04T14:00:00Z,Brahim Diaz,Pass
448000,85,MissedShots,0.840999984741211,0.6530000305175782,0.04297219961881637,Theo Hernández,a,2547,OpenPlay,2021,LeftFoot,16924,Udinese,AC Milan,1,1,2021-12-11T19:45:00Z,Sandro Tonali,BallRecovery
450309,28,MissedShots,0.735999984741211,0.509000015258789,0.05555180087685585,Theo Hernández,a,2547,DirectFreekick,2021,LeftFoot,16936,Empoli,AC Milan,2,4,2021-12-22T19:45:00Z,NA,Standard
450325,68,Goal,0.9209999847412108,0.4490000152587891,0.5656200051307678,Theo Hernández,a,2547,OpenPlay,2021,LeftFoot,16936,Empoli,AC Milan,2,4,2021-12-22T19:45:00Z,NA,None
451802,3,BlockedShot,0.7730000305175782,0.6120000076293945,0.02037120051681995,Theo Hernández,h,2547,FromCorner,2021,LeftFoot,16951,AC Milan,Roma,3,1,2022-01-06T17:30:00Z,NA,Goal
451810,29,MissedShots,0.7609999847412109,0.700999984741211,0.02158490009605884,Theo Hernández,h,2547,OpenPlay,2021,LeftFoot,16951,AC Milan,Roma,3,1,2022-01-06T17:30:00Z,Sandro Tonali,Pass
451824,69,MissedShots,0.7190000152587891,0.605999984741211,0.00992042012512683,Theo Hernández,h,2547,SetPiece,2021,LeftFoot,16951,AC Milan,Roma,3,1,2022-01-06T17:30:00Z,NA,None
452320,7,MissedShots,0.815,0.4370000076293945,0.01596969924867153,Theo Hernández,a,2547,FromCorner,2021,LeftFoot,16965,Venezia,AC Milan,0,3,2022-01-09T11:30:00Z,Alessandro Florenzi,Chipped
452322,27,SavedShot,0.7480000305175781,0.3139999961853027,0.04481729865074158,Theo Hernández,a,2547,DirectFreekick,2021,LeftFoot,16965,Venezia,AC Milan,0,3,2022-01-09T11:30:00Z,NA,Standard
452330,47,Goal,0.9619999694824218,0.654000015258789,0.28296199440956116,Theo Hernández,a,2547,OpenPlay,2021,LeftFoot,16965,Venezia,AC Milan,0,3,2022-01-09T11:30:00Z,Rafael Leão,Pass
452334,56,BlockedShot,0.9590000152587892,0.495,0.7891370058059692,Theo Hernández,a,2547,OpenPlay,2021,RightFoot,16965,Venezia,AC Milan,0,3,2022-01-09T11:30:00Z,NA,Rebound
452335,58,Goal,0.885,0.5,0.7612990140914917,Theo Hernández,a,2547,Penalty,2021,LeftFoot,16965,Venezia,AC Milan,0,3,2022-01-09T11:30:00Z,NA,Standard
453909,44,ShotOnPost,0.885,0.5,0.7612990140914917,Theo Hernández,h,2547,Penalty,2021,LeftFoot,16970,AC Milan,Spezia,1,2,2022-01-17T17:30:00Z,NA,Standard
455442,30,BlockedShot,0.765,0.7609999847412109,0.01311300043016672,Theo Hernández,h,2547,OpenPlay,2021,LeftFoot,16982,AC Milan,Juventus,0,0,2022-01-23T19:45:00Z,NA,BallRecovery
455445,33,BlockedShot,0.7780000305175782,0.6090000152587891,0.02282119914889335,Theo Hernández,h,2547,SetPiece,2021,LeftFoot,16982,AC Milan,Juventus,0,0,2022-01-23T19:45:00Z,NA,Foul
455453,62,SavedShot,0.8430000305175781,0.6459999847412109,0.05838309973478317,Theo Hernández,h,2547,OpenPlay,2021,LeftFoot,16982,AC Milan,Juventus,0,0,2022-01-23T19:45:00Z,Rafael Leão,Pass
459327,77,BlockedShot,0.7030000305175781,0.46900001525878904,0.01554630044847726,Theo Hernández,h,2547,SetPiece,2021,LeftFoot,17021,AC Milan,Udinese,1,1,2022-02-25T17:45:00Z,Sandro Tonali,Pass
461907,85,SavedShot,0.8490000152587891,0.7709999847412109,0.04670989885926246,Theo Hernández,a,2547,OpenPlay,2021,LeftFoot,17032,Napoli,AC Milan,0,1,2022-03-06T19:45:00Z,Ante Rebic,Pass
464190,43,MissedShots,0.8059999847412109,0.5670000076293945,0.04614109918475151,Theo Hernández,a,2547,OpenPlay,2021,LeftFoot,17047,Cagliari,AC Milan,0,1,2022-03-19T19:45:00Z,Brahim Diaz,TakeOn
464193,50,SavedShot,0.7019999694824218,0.629000015258789,0.01312240026891231,Theo Hernández,a,2547,OpenPlay,2021,LeftFoot,17047,Cagliari,AC Milan,0,1,2022-03-19T19:45:00Z,Brahim Diaz,Pass
466188,12,SavedShot,0.7030000305175781,0.6329999923706054,0.0133814001455903,Theo Hernández,h,2547,OpenPlay,2021,LeftFoot,17061,AC Milan,Bologna,0,0,2022-04-04T18:45:00Z,Ismael Bennacer,Pass
466202,32,MissedShots,0.7169999694824218,0.4779999923706055,0.01584869995713234,Theo Hernández,h,2547,FromCorner,2021,LeftFoot,17061,AC Milan,Bologna,0,0,2022-04-04T18:45:00Z,NA,BallTouch
466218,85,MissedShots,0.74,0.5529999923706055,0.01567390002310276,Theo Hernández,h,2547,FromCorner,2021,LeftFoot,17061,AC Milan,Bologna,0,0,2022-04-04T18:45:00Z,NA,None
467671,97,BlockedShot,0.715,0.5070000076293946,0.044268399477005,Theo Hernández,a,2547,DirectFreekick,2021,LeftFoot,17074,Torino,AC Milan,0,0,2022-04-10T18:45:00Z,NA,Standard
470870,43,SavedShot,0.755,0.73,0.04080219939351082,Theo Hernández,a,2547,DirectFreekick,2021,LeftFoot,17091,Lazio,AC Milan,1,2,2022-04-24T18:45:00Z,NA,Standard
470887,89,MissedShots,0.76,0.615,0.01668399944901466,Theo Hernández,a,2547,FromCorner,2021,LeftFoot,17091,Lazio,AC Milan,1,2,2022-04-24T18:45:00Z,NA,None
472110,11,MissedShots,0.9640000152587892,0.645,0.30297398567199707,Theo Hernández,h,2547,OpenPlay,2021,LeftFoot,17100,AC Milan,Fiorentina,1,0,2022-05-01T13:00:00Z,NA,None
472124,52,MissedShots,0.92,0.6580000305175782,0.27099400758743286,Theo Hernández,h,2547,OpenPlay,2021,LeftFoot,17100,AC Milan,Fiorentina,1,0,2022-05-01T13:00:00Z,Sandro Tonali,Pass
474556,7,MissedShots,0.6919999694824219,0.5420000076293945,0.00858302041888237,Theo Hernández,a,2547,OpenPlay,2021,LeftFoot,17108,Verona,AC Milan,1,3,2022-05-08T18:45:00Z,Rafael Leão,TakeOn
476545,16,BlockedShot,0.8540000152587891,0.590999984741211,0.07083769887685776,Theo Hernández,h,2547,OpenPlay,2021,RightFoot,17121,AC Milan,Atalanta,2,0,2022-05-15T16:00:00Z,NA,BallRecovery
476555,53,MissedShots,0.7419999694824219,0.7040000152587891,0.04018250107765198,Theo Hernández,h,2547,DirectFreekick,2021,LeftFoot,17121,AC Milan,Atalanta,2,0,2022-05-15T16:00:00Z,NA,Standard
476561,74,Goal,0.879000015258789,0.6309999847412109,0.1317649930715561,Theo Hernández,h,2547,OpenPlay,2021,LeftFoot,17121,AC Milan,Atalanta,2,0,2022-05-15T16:00:00Z,Rade Krunic,BallRecovery
480523,10,Goal,0.885,0.5,0.7612990140914917,Theo Hernández,h,2547,Penalty,2022,LeftFoot,18582,AC Milan,Udinese,4,2,2022-08-13T16:30:00Z,NA,Standard
480533,62,MissedShots,0.7240000152587891,0.5120000076293946,0.0486362986266613,Theo Hernández,h,2547,DirectFreekick,2022,LeftFoot,18582,AC Milan,Udinese,4,2,2022-08-13T16:30:00Z,NA,Standard
482806,21,BlockedShot,0.725999984741211,0.3089999961853027,0.01632080040872097,Theo Hernández,a,2547,SetPiece,2022,LeftFoot,18599,Atalanta,AC Milan,1,1,2022-08-21T18:45:00Z,Ismael Bennacer,Pass
482811,29,MissedShots,0.745999984741211,0.664000015258789,0.01692000031471252,Theo Hernández,a,2547,OpenPlay,2022,LeftFoot,18599,Atalanta,AC Milan,1,1,2022-08-21T18:45:00Z,Ismael Bennacer,Pass
482815,42,BlockedShot,0.76,0.5820000076293945,0.02425610087811947,Theo Hernández,a,2547,OpenPlay,2022,LeftFoot,18599,Atalanta,AC Milan,1,1,2022-08-21T18:45:00Z,Ismael Bennacer,Pass
482829,85,SavedShot,0.789000015258789,0.725999984741211,0.0225853007286787,Theo Hernández,a,2547,OpenPlay,2022,LeftFoot,18599,Atalanta,AC Milan,1,1,2022-08-21T18:45:00Z,Sandro Tonali,Pass
483979,10,MissedShots,0.794000015258789,0.6809999847412109,0.02171779982745647,Theo Hernández,h,2547,OpenPlay,2022,LeftFoot,18606,AC Milan,Bologna,2,0,2022-08-27T18:45:00Z,NA,None
483988,42,MissedShots,0.909000015258789,0.47200000762939454,0.07532539963722229,Theo Hernández,h,2547,FromCorner,2022,Head,18606,AC Milan,Bologna,2,0,2022-08-27T18:45:00Z,Ismael Bennacer,Cross
484000,70,BlockedShot,0.91,0.5779999923706055,0.01596730016171932,Theo Hernández,h,2547,FromCorner,2022,Head,18606,AC Milan,Bologna,2,0,2022-08-27T18:45:00Z,Sandro Tonali,Aerial
484823,73,MissedShots,0.735,0.41900001525878905,0.0513756014406681,Theo Hernández,a,2547,DirectFreekick,2022,LeftFoot,18612,Sassuolo,AC Milan,0,0,2022-08-30T16:30:00Z,NA,Standard
486108,34,MissedShots,0.8290000152587891,0.7130000305175781,0.02980059944093227,Theo Hernández,h,2547,OpenPlay,2022,LeftFoot,18623,AC Milan,Inter,3,2,2022-09-03T16:00:00Z,NA,BallRecovery
486112,41,MissedShots,0.9080000305175782,0.42200000762939455,0.02350779995322227,Theo Hernández,h,2547,SetPiece,2022,Head,18623,AC Milan,Inter,3,2,2022-09-03T16:00:00Z,Ismael Bennacer,Aerial
486117,48,MissedShots,0.8780000305175781,0.5129999923706055,0.02535079978406429,Theo Hernández,h,2547,SetPiece,2022,Head,18623,AC Milan,Inter,3,2,2022-09-03T16:00:00Z,NA,None
487690,40,MissedShots,0.9440000152587892,0.675,0.03649619966745376,Theo Hernández,a,2547,FromCorner,2022,LeftFoot,18640,Sampdoria,AC Milan,1,2,2022-09-10T18:45:00Z,Rafael Leão,Cross
487697,62,SavedShot,0.8080000305175781,0.5929999923706055,0.03940140083432197,Theo Hernández,a,2547,OpenPlay,2022,RightFoot,18640,Sampdoria,AC Milan,1,2,2022-09-10T18:45:00Z,Tommaso Pobega,Pass
489617,6,MissedShots,0.7859999847412109,0.620999984741211,0.02039279974997043,Theo Hernández,h,2547,FromCorner,2022,LeftFoot,18645,AC Milan,Napoli,1,2,2022-09-18T18:45:00Z,NA,None
489632,56,BlockedShot,0.95,0.595999984741211,0.06810429692268372,Theo Hernández,h,2547,OpenPlay,2022,Head,18645,AC Milan,Napoli,1,2,2022-09-18T18:45:00Z,Alexis Saelemaekers,Cross
491713,2,BlockedShot,0.8069999694824219,0.33599998474121096,0.02470510080456733,Theo Hernández,h,2547,OpenPlay,2022,LeftFoot,18665,AC Milan,Juventus,2,0,2022-10-08T16:00:00Z,Brahim Diaz,Pass
491716,10,MissedShots,0.775,0.7269999694824218,0.01360949967056512,Theo Hernández,h,2547,OpenPlay,2022,LeftFoot,18665,AC Milan,Juventus,2,0,2022-10-08T16:00:00Z,NA,None
491734,66,MissedShots,0.9340000152587892,0.27700000762939453,0.0482684001326561,Theo Hernández,h,2547,OpenPlay,2022,LeftFoot,18665,AC Milan,Juventus,2,0,2022-10-08T16:00:00Z,NA,None
493984,33,BlockedShot,0.7130000305175781,0.6659999847412109,0.00993856973946094,Theo Hernández,a,2547,OpenPlay,2022,LeftFoot,18674,Verona,AC Milan,1,2,2022-10-16T18:45:00Z,NA,None
493996,67,BlockedShot,0.8090000152587891,0.5579999923706055,0.03990950062870979,Theo Hernández,a,2547,SetPiece,2022,LeftFoot,18674,Verona,AC Milan,1,2,2022-10-16T18:45:00Z,Rafael Leão,Pass
493998,75,SavedShot,0.765,0.639000015258789,0.01868120022118091,Theo Hernández,a,2547,OpenPlay,2022,LeftFoot,18674,Verona,AC Milan,1,2,2022-10-16T18:45:00Z,NA,None
498299,20,Goal,0.960999984741211,0.5609999847412109,0.5977659821510315,Theo Hernández,h,2547,OpenPlay,2022,LeftFoot,18706,AC Milan,Spezia,2,1,2022-11-05T19:45:00Z,Ismael Bennacer,Throughball
498302,38,SavedShot,0.95,0.6509999847412109,0.08281580358743668,Theo Hernández,h,2547,OpenPlay,2022,LeftFoot,18706,AC Milan,Spezia,2,1,2022-11-05T19:45:00Z,Ismael Bennacer,Chipped
498315,80,BlockedShot,0.705,0.46299999237060546,0.0396311990916729,Theo Hernández,h,2547,DirectFreekick,2022,LeftFoot,18706,AC Milan,Spezia,2,1,2022-11-05T19:45:00Z,NA,Standard
498317,86,BlockedShot,0.7130000305175781,0.624000015258789,0.01245940010994672,Theo Hernández,h,2547,OpenPlay,2022,LeftFoot,18706,AC Milan,Spezia,2,1,2022-11-05T19:45:00Z,Olivier Giroud,Pass
498319,88,BlockedShot,0.74,0.6329999923706054,0.01406630035489797,Theo Hernández,h,2547,OpenPlay,2022,LeftFoot,18706,AC Milan,Spezia,2,1,2022-11-05T19:45:00Z,NA,None
500845,8,MissedShots,0.3340000152587891,0.285,0.00651495996862649,Theo Hernández,h,2547,OpenPlay,2022,LeftFoot,18727,AC Milan,Fiorentina,2,1,2022-11-13T17:00:00Z,NA,BallRecovery
502277,19,BlockedShot,0.7319999694824219,0.6320000076293946,0.01953520067036152,Theo Hernández,a,2547,OpenPlay,2022,LeftFoot,18737,Salernitana,AC Milan,1,2,2023-01-04T11:30:00Z,Brahim Diaz,Pass
503008,51,SavedShot,0.7580000305175781,0.675,0.02322049997746944,Theo Hernández,h,2547,OpenPlay,2022,LeftFoot,18747,AC Milan,Roma,2,2,2023-01-08T19:45:00Z,Olivier Giroud,Pass
503672,2,OwnGoal,0.105,0.5179999923706055,0,Theo Hernández,a,2547,OpenPlay,2022,OtherBodyPart,18756,Lecce,AC Milan,2,2,2023-01-14T17:00:00Z,NA,None
503677,13,BlockedShot,0.7419999694824219,0.5359999847412109,0.01862760074436664,Theo Hernández,a,2547,OpenPlay,2022,LeftFoot,18756,Lecce,AC Milan,2,2,2023-01-14T17:00:00Z,NA,None
507866,68,MissedShots,0.7440000152587891,0.49,0.06086400151252746,Theo Hernández,a,2547,DirectFreekick,2022,LeftFoot,18785,Inter,AC Milan,1,0,2023-02-05T19:45:00Z,NA,Standard
508117,1,MissedShots,0.93,0.7609999847412109,0.0350399985909462,Theo Hernández,h,2547,OpenPlay,2022,LeftFoot,18799,AC Milan,Torino,1,0,2023-02-10T19:45:00Z,Brahim Diaz,Chipped
508124,29,MissedShots,0.8969999694824219,0.695,0.05509579926729202,Theo Hernández,h,2547,OpenPlay,2022,LeftFoot,18799,AC Milan,Torino,1,0,2023-02-10T19:45:00Z,Rafael Leão,BallTouch
508136,75,MissedShots,0.8859999847412109,0.49700000762939456,0.51801598072052,Theo Hernández,h,2547,OpenPlay,2022,LeftFoot,18799,AC Milan,Torino,1,0,2023-02-10T19:45:00Z,Pierre Kalulu Kyatengwa,Pass
509822,56,MissedShots,0.9230000305175782,0.65,0.5288090109825134,Theo Hernández,a,2547,OpenPlay,2022,LeftFoot,18805,Monza,AC Milan,0,1,2023-02-18T17:00:00Z,Rafael Leão,BallTouch
511516,24,ShotOnPost,0.7680000305175781,0.590999984741211,0.02645020000636577,Theo Hernández,h,2547,OpenPlay,2022,LeftFoot,18814,AC Milan,Atalanta,2,0,2023-02-26T19:45:00Z,Olivier Giroud,LayOff
512418,57,SavedShot,0.89,0.6840000152587891,0.2201559990644455,Theo Hernández,a,2547,OpenPlay,2022,LeftFoot,18823,Fiorentina,AC Milan,2,1,2023-03-04T19:45:00Z,Fikayo Tomori,Throughball
512428,94,Goal,0.874000015258789,0.6379999923706055,0.07010850310325623,Theo Hernández,a,2547,OpenPlay,2022,LeftFoot,18823,Fiorentina,AC Milan,2,1,2023-03-04T19:45:00Z,Alexis Saelemaekers,Pass
514475,39,MissedShots,0.7419999694824219,0.5070000076293946,0.0189605001360178,Theo Hernández,h,2547,OpenPlay,2022,LeftFoot,18838,AC Milan,Salernitana,1,1,2023-03-13T19:45:00Z,Alexis Saelemaekers,Pass
514476,40,BlockedShot,0.7919999694824219,0.5829999923706055,0.02429159916937351,Theo Hernández,h,2547,FromCorner,2022,LeftFoot,18838,AC Milan,Salernitana,1,1,2023-03-13T19:45:00Z,NA,None
517237,5,BlockedShot,0.8169999694824219,0.6659999847412109,0.02542990073561668,Theo Hernández,a,2547,OpenPlay,2022,LeftFoot,18859,Napoli,AC Milan,0,4,2023-04-02T18:45:00Z,NA,Rebound
517236,5,BlockedShot,0.7190000152587891,0.6580000305175782,0.01341820042580366,Theo Hernández,a,2547,OpenPlay,2022,LeftFoot,18859,Napoli,AC Milan,0,4,2023-04-02T18:45:00Z,Brahim Diaz,Pass
517662,12,SavedShot,0.9490000152587892,0.6659999847412109,0.08080840110778809,Theo Hernández,h,2547,OpenPlay,2022,LeftFoot,18867,AC Milan,Empoli,0,0,2023-04-07T19:00:00Z,NA,TakeOn
517666,32,BlockedShot,0.8959999847412109,0.665,0.07801830023527145,Theo Hernández,h,2547,OpenPlay,2022,LeftFoot,18867,AC Milan,Empoli,0,0,2023-04-07T19:00:00Z,Davide Calabria,Pass
521671,85,MissedShots,0.7269999694824218,0.54,0.01458912435919046,Theo Hernández,h,2547,FromCorner,2022,LeftFoot,18891,AC Milan,Lecce,2,0,2023-04-23T16:00:00Z,NA,None
524448,28,Goal,0.735999984741211,0.6519999694824219,0.02057443186640739,Theo Hernández,h,2547,OpenPlay,2022,LeftFoot,18916,AC Milan,Lazio,2,0,2023-05-06T13:00:00Z,Mike Maignan,TakeOn
524453,45,BlockedShot,0.8930000305175781,0.6569999694824219,0.0492234006524086,Theo Hernández,h,2547,FromCorner,2022,LeftFoot,18916,AC Milan,Lazio,2,0,2023-05-06T13:00:00Z,NA,None
526117,23,SavedShot,0.7719999694824219,0.5420000076293945,0.02163410745561123,Theo Hernández,a,2547,OpenPlay,2022,LeftFoot,18931,Spezia,AC Milan,2,0,2023-05-13T16:00:00Z,NA,Rebound
527692,4,MissedShots,0.8469999694824218,0.57,0.04318566992878914,Theo Hernández,h,2547,FromCorner,2022,LeftFoot,18936,AC Milan,Sampdoria,5,1,2023-05-20T18:45:00Z,Brahim Diaz,Pass
531166,15,BlockedShot,0.7,0.48400001525878905,0.03812473639845848,Theo Hernández,h,2547,DirectFreekick,2022,LeftFoot,18956,AC Milan,Verona,3,1,2023-06-04T19:00:00Z,NA,Standard
535042,3,MissedShots,0.8769999694824219,0.6419999694824219,0.01263712812215089,Theo Hernández,h,2547,SetPiece,2023,Head,22317,AC Milan,Torino,4,1,2023-08-26T18:45:00Z,Rafael Leão,Cross
535046,11,MissedShots,0.7169999694824218,0.47200000762939454,0.01701120659708976,Theo Hernández,h,2547,SetPiece,2023,LeftFoot,22317,AC Milan,Torino,4,1,2023-08-26T18:45:00Z,Tijjani Reijnders,Pass
535050,19,MissedShots,0.725999984741211,0.53,0.01796421408653259,Theo Hernández,h,2547,OpenPlay,2023,LeftFoot,22317,AC Milan,Torino,4,1,2023-08-26T18:45:00Z,Ruben Loftus-Cheek,Pass
535056,46,Goal,0.97,0.65,0.3210066258907318,Theo Hernández,h,2547,OpenPlay,2023,LeftFoot,22317,AC Milan,Torino,4,1,2023-08-26T18:45:00Z,Rafael Leão,Throughball
537775,30,MissedShots,0.9640000152587892,0.6120000076293945,0.3412771224975586,Theo Hernández,a,2547,OpenPlay,2023,LeftFoot,22336,Inter,AC Milan,5,1,2023-09-16T16:00:00Z,Olivier Giroud,TakeOn
540231,44,SavedShot,0.8909999847412109,0.72,0.04099299386143684,Theo Hernández,a,2547,OpenPlay,2023,LeftFoot,22355,Cagliari,AC Milan,1,3,2023-09-27T16:30:00Z,NA,None
542892,27,MissedShots,0.7869999694824219,0.715999984741211,0.01901503466069698,Theo Hernández,a,2547,OpenPlay,2023,LeftFoot,22378,Genoa,AC Milan,0,1,2023-10-07T18:45:00Z,Tijjani Reijnders,BallTouch
546369,56,MissedShots,0.9180000305175782,0.5479999923706055,0.4720996916294098,Theo Hernández,a,2547,OpenPlay,2023,LeftFoot,22404,Napoli,AC Milan,2,2,2023-10-29T19:45:00Z,Rafael Leão,Pass
546376,65,MissedShots,0.7469999694824219,0.84,0.02745348401367664,Theo Hernández,a,2547,DirectFreekick,2023,LeftFoot,22404,Napoli,AC Milan,2,2,2023-10-29T19:45:00Z,NA,Standard
548237,71,MissedShots,0.749000015258789,0.6630000305175782,0.0137299308553338,Theo Hernández,a,2547,OpenPlay,2023,LeftFoot,22417,Lecce,AC Milan,2,2,2023-11-11T14:00:00Z,NA,None
550014,43,BlockedShot,0.85,0.355,0.03721930459141731,Theo Hernández,h,2547,FromCorner,2023,LeftFoot,22433,AC Milan,Fiorentina,1,0,2023-11-25T19:45:00Z,NA,None
550015,46,Goal,0.885,0.5,0.7612988352775574,Theo Hernández,h,2547,Penalty,2023,LeftFoot,22433,AC Milan,Fiorentina,1,0,2023-11-25T19:45:00Z,NA,Standard
553040,3,BlockedShot,0.775,0.620999984741211,0.02034299820661544,Theo Hernández,a,2547,OpenPlay,2023,LeftFoot,22445,Atalanta,AC Milan,3,2,2023-12-09T17:00:00Z,NA,Rebound
553048,43,MissedShots,0.779000015258789,0.6359999847412109,0.02480032481253147,Theo Hernández,a,2547,OpenPlay,2023,LeftFoot,22445,Atalanta,AC Milan,3,2,2023-12-09T17:00:00Z,Samuel Chukwueze,Pass
554580,7,SavedShot,0.92,0.5879999923706055,0.13415764272212982,Theo Hernández,h,2547,OpenPlay,2023,LeftFoot,22459,AC Milan,Monza,3,0,2023-12-17T11:30:00Z,Rafael Leão,Pass
554597,51,BlockedShot,0.7580000305175781,0.6840000152587891,0.01853544823825359,Theo Hernández,h,2547,OpenPlay,2023,LeftFoot,22459,AC Milan,Monza,3,0,2023-12-17T11:30:00Z,Tijjani Reijnders,Pass
556022,14,BlockedShot,0.8430000305175781,0.6969999694824218,0.03792687878012657,Theo Hernández,a,2547,OpenPlay,2023,LeftFoot,22473,Salernitana,AC Milan,2,2,2023-12-22T19:45:00Z,Christian Pulisic,Pass
556034,44,SavedShot,0.7280000305175781,0.345,0.01580932550132274,Theo Hernández,a,2547,SetPiece,2023,LeftFoot,22473,Salernitana,AC Milan,2,2,2023-12-22T19:45:00Z,Ismael Bennacer,Pass
557067,44,MissedShots,0.905,0.555,0.02930767834186554,Theo Hernández,h,2547,FromCorner,2023,Head,22481,AC Milan,Sassuolo,1,0,2023-12-30T17:00:00Z,Alessandro Florenzi,Challenge
557079,77,MissedShots,0.9130000305175782,0.43,0.01956849358975887,Theo Hernández,h,2547,FromCorner,2023,Head,22481,AC Milan,Sassuolo,1,0,2023-12-30T17:00:00Z,Tijjani Reijnders,Aerial
557646,21,SavedShot,0.7769999694824219,0.534000015258789,0.04998243227601051,Theo Hernández,a,2547,OpenPlay,2023,RightFoot,22486,Empoli,AC Milan,0,3,2024-01-07T11:30:00Z,Alessandro Florenzi,Chipped
557655,56,SavedShot,0.93,0.4809999847412109,0.05749561265110969,Theo Hernández,a,2547,FromCorner,2023,Head,22486,Empoli,AC Milan,0,3,2024-01-07T11:30:00Z,Yacine Adli,Aerial
557657,61,MissedShots,0.86,0.5329999923706055,0.06749776750802994,Theo Hernández,a,2547,FromCorner,2023,LeftFoot,22486,Empoli,AC Milan,0,3,2024-01-07T11:30:00Z,NA,None
558742,55,BlockedShot,0.7140000152587891,0.754000015258789,0.01468425616621971,Theo Hernández,h,2547,OpenPlay,2023,LeftFoot,22500,AC Milan,Roma,3,1,2024-01-14T19:45:00Z,Yacine Adli,Pass
558751,83,Goal,0.8540000152587891,0.6580000305175782,0.06698545813560486,Theo Hernández,h,2547,OpenPlay,2023,LeftFoot,22500,AC Milan,Roma,3,1,2024-01-14T19:45:00Z,Olivier Giroud,Pass
559980,8,MissedShots,0.8,0.6830000305175781,0.02228348143398761,Theo Hernández,h,2547,OpenPlay,2023,LeftFoot,22518,AC Milan,Bologna,2,2,2024-01-27T19:45:00Z,NA,None
560005,73,ShotOnPost,0.885,0.5,0.7612988352775574,Theo Hernández,h,2547,Penalty,2023,LeftFoot,22518,AC Milan,Bologna,2,2,2024-01-27T19:45:00Z,NA,Standard
561340,80,BlockedShot,0.7859999847412109,0.7180000305175781,0.01425996609032154,Theo Hernández,a,2547,OpenPlay,2023,LeftFoot,22531,Frosinone,AC Milan,2,3,2024-02-03T17:00:00Z,NA,Rebound
563244,24,Goal,0.9209999847412108,0.6719999694824219,0.3154916763305664,Theo Hernández,h,2547,OpenPlay,2023,LeftFoot,22539,AC Milan,Napoli,1,0,2024-02-11T19:45:00Z,Rafael Leão,Throughball
563256,61,SavedShot,0.911999969482422,0.47400001525878904,0.10825307667255402,Theo Hernández,h,2547,FromCorner,2023,LeftFoot,22539,AC Milan,Napoli,1,0,2024-02-11T19:45:00Z,NA,None
564700,4,BlockedShot,0.794000015258789,0.5579999923706055,0.0314486064016819,Theo Hernández,a,2547,OpenPlay,2023,LeftFoot,22548,Monza,AC Milan,4,2,2024-02-18T19:45:00Z,Ismael Bennacer,Pass
564705,34,BlockedShot,0.7530000305175781,0.6669999694824219,0.01941406354308128,Theo Hernández,a,2547,SetPiece,2023,LeftFoot,22548,Monza,AC Milan,4,2,2024-02-18T19:45:00Z,Alessandro Florenzi,Pass
564707,46,BlockedShot,0.924000015258789,0.6509999847412109,0.05904132500290871,Theo Hernández,a,2547,OpenPlay,2023,LeftFoot,22548,Monza,AC Milan,4,2,2024-02-18T19:45:00Z,NA,BallTouch
564709,49,MissedShots,0.889000015258789,0.62,0.06413254141807556,Theo Hernández,a,2547,OpenPlay,2023,LeftFoot,22548,Monza,AC Milan,4,2,2024-02-18T19:45:00Z,NA,Rebound
565888,7,MissedShots,0.769000015258789,0.64,0.01690130494534969,Theo Hernández,h,2547,FromCorner,2023,LeftFoot,22560,AC Milan,Atalanta,1,1,2024-02-25T19:45:00Z,NA,None
565896,28,BlockedShot,0.7769999694824219,0.6830000305175781,0.01603703573346138,Theo Hernández,h,2547,FromCorner,2023,LeftFoot,22560,AC Milan,Atalanta,1,1,2024-02-25T19:45:00Z,NA,None
565912,88,BlockedShot,0.784000015258789,0.695,0.01738197170197963,Theo Hernández,h,2547,OpenPlay,2023,LeftFoot,22560,AC Milan,Atalanta,1,1,2024-02-25T19:45:00Z,NA,None
565913,93,BlockedShot,0.7090000152587891,0.7030000305175781,0.01508534140884876,Theo Hernández,h,2547,SetPiece,2023,LeftFoot,22560,AC Milan,Atalanta,1,1,2024-02-25T19:45:00Z,Yacine Adli,Pass
569852,43,Goal,0.9769999694824218,0.5890000152587891,0.41239285469055176,Theo Hernández,a,2547,OpenPlay,2023,LeftFoot,22588,Verona,AC Milan,1,3,2024-03-17T14:00:00Z,NA,None
572190,63,ShotOnPost,0.749000015258789,0.4470000076293945,0.02466413378715515,Theo Hernández,h,2547,OpenPlay,2023,LeftFoot,22612,AC Milan,Lecce,3,0,2024-04-06T13:00:00Z,Samuel Chukwueze,Pass
572191,67,SavedShot,0.7230000305175781,0.48400001525878905,0.04806516692042351,Theo Hernández,h,2547,DirectFreekick,2023,LeftFoot,22612,AC Milan,Lecce,3,0,2024-04-06T13:00:00Z,NA,Standard
574219,7,MissedShots,0.825999984741211,0.6819999694824219,0.03045484237372875,Theo Hernández,a,2547,OpenPlay,2023,LeftFoot,22620,Sassuolo,AC Milan,3,3,2024-04-14T13:00:00Z,Yunus Musah,None
574231,24,MissedShots,0.44099998474121094,0.6969999694824218,0.00732642831280827,Theo Hernández,a,2547,OpenPlay,2023,LeftFoot,22620,Sassuolo,AC Milan,3,3,2024-04-14T13:00:00Z,Yacine Adli,Pass
574235,44,MissedShots,0.960999984741211,0.6780000305175782,0.05306079238653183,Theo Hernández,a,2547,OpenPlay,2023,LeftFoot,22620,Sassuolo,AC Milan,3,3,2024-04-14T13:00:00Z,Yacine Adli,Pass
574234,44,SavedShot,0.919000015258789,0.6969999694824218,0.23139643669128415,Theo Hernández,a,2547,SetPiece,2023,LeftFoot,22620,Sassuolo,AC Milan,3,3,2024-04-14T13:00:00Z,NA,Rebound
575909,14,MissedShots,0.8,0.6809999847412109,0.01845996454358101,Theo Hernández,h,2547,OpenPlay,2023,LeftFoot,22633,AC Milan,Inter,1,2,2024-04-22T18:45:00Z,NA,Rebound
575913,26,MissedShots,0.9340000152587892,0.43200000762939456,0.10937513411045074,Theo Hernández,h,2547,FromCorner,2023,LeftFoot,22633,AC Milan,Inter,1,2,2024-04-22T18:45:00Z,NA,None
575923,50,SavedShot,0.855,0.7330000305175781,0.02521660737693309,Theo Hernández,h,2547,OpenPlay,2023,LeftFoot,22633,AC Milan,Inter,1,2,2024-04-22T18:45:00Z,Rafael Leão,BallTouch
575928,74,BlockedShot,0.784000015258789,0.6170000076293946,0.03036598302423954,Theo Hernández,h,2547,OpenPlay,2023,LeftFoot,22633,AC Milan,Inter,1,2,2024-04-22T18:45:00Z,Samuel Chukwueze,Pass
579092,13,BlockedShot,0.9009999847412108,0.6869999694824219,0.03809168189764023,Theo Hernández,h,2547,OpenPlay,2023,LeftFoot,22650,AC Milan,Genoa,3,3,2024-05-05T16:00:00Z,Samuel Chukwueze,Cross
579096,21,MissedShots,0.8030000305175782,0.710999984741211,0.0230930708348751,Theo Hernández,h,2547,OpenPlay,2023,LeftFoot,22650,AC Milan,Genoa,3,3,2024-05-05T16:00:00Z,Samuel Chukwueze,Pass
579103,38,SavedShot,0.919000015258789,0.4759999847412109,0.04264172539114952,Theo Hernández,h,2547,FromCorner,2023,Head,22650,AC Milan,Genoa,3,3,2024-05-05T16:00:00Z,Alessandro Florenzi,Aerial
579111,63,SavedShot,0.8480000305175781,0.5459999847412109,0.11553899198770524,Theo Hernández,h,2547,OpenPlay,2023,LeftFoot,22650,AC Milan,Genoa,3,3,2024-05-05T16:00:00Z,Samuel Chukwueze,Pass
579120,92,MissedShots,0.9,0.615999984741211,0.06198212131857872,Theo Hernández,h,2547,OpenPlay,2023,LeftFoot,22650,AC Milan,Genoa,3,3,2024-05-05T16:00:00Z,Yacine Adli,Cross
583350,33,BlockedShot,0.8369999694824218,0.624000015258789,0.0870133712887764,Theo Hernández,h,2547,OpenPlay,2023,LeftFoot,22682,AC Milan,Salernitana,3,3,2024-05-25T18:45:00Z,Rafael Leão,TakeOn
583353,44,SavedShot,0.899000015258789,0.6730000305175782,0.1117369383573532,Theo Hernández,h,2547,OpenPlay,2023,LeftFoot,22682,AC Milan,Salernitana,3,3,2024-05-25T18:45:00Z,Olivier Giroud,TakeOn
583367,80,BlockedShot,0.87,0.5129999923706055,0.1029934138059616,Theo Hernández,h,2547,OpenPlay,2023,LeftFoot,22682,AC Milan,Salernitana,3,3,2024-05-25T18:45:00Z,NA,None
585078,97,BlockedShot,0.8640000152587891,0.3770000076293945,0.06304231286048889,Theo Hernández,h,2547,SetPiece,2024,LeftFoot,27365,AC Milan,Torino,2,2,2024-08-17T18:45:00Z,Álvaro Morata,BallTouch
586275,20,MissedShots,0.76,0.425,0.01777814142405986,Theo Hernández,a,2547,FromCorner,2024,LeftFoot,27372,Parma Calcio 1913,AC Milan,2,1,2024-08-24T16:30:00Z,NA,None
586283,41,MissedShots,0.7030000305175781,0.62,0.014856468886137,Theo Hernández,a,2547,OpenPlay,2024,LeftFoot,27372,Parma Calcio 1913,AC Milan,2,1,2024-08-24T16:30:00Z,Yunus Musah,Pass
586291,55,BlockedShot,0.794000015258789,0.615,0.03369421511888504,Theo Hernández,a,2547,OpenPlay,2024,LeftFoot,27372,Parma Calcio 1913,AC Milan,2,1,2024-08-24T16:30:00Z,Yunus Musah,Pass
591091,1,Goal,0.973000030517578,0.67,0.06557568162679672,Theo Hernández,h,2547,OpenPlay,2024,LeftFoot,27398,AC Milan,Venezia,4,0,2024-09-14T18:45:00Z,Rafael Leão,Pass
593687,40,Goal,0.9490000152587892,0.6790000152587891,0.2454403042793274,Theo Hernández,h,2547,OpenPlay,2024,LeftFoot,27417,AC Milan,Lecce,3,0,2024-09-27T18:45:00Z,Rafael Leão,Pass
593692,44,MissedShots,0.9619999694824218,0.6619999694824219,0.31894931197166443,Theo Hernández,h,2547,OpenPlay,2024,LeftFoot,27417,AC Milan,Lecce,3,0,2024-09-27T18:45:00Z,NA,Rebound
